student_id,student_name,age,email,gpa,Difficulty_level,recommended_courses,College_Name,Course_Subject
1,Gillie Axtens,20,gaxtens0@slate.com,4.2,Intermediate,Front end Development,CIT,Data Science
2,Adrea Witherby,19,awitherby1@businessweek.com,7.7,Intermediate,Front end Development,Meenakshi,Data Science
3,Arleen Bellhanger,19,abellhanger2@accuweather.com,10.0,Intermediate,"",SRM,Cloud Computing
4,Annetta Stanyland,20,astanyland3@shop-pro.jp,8.5,Beginner,SQL,SIET,Data Science
5,Ferrel Atack,19,fatack4@newyorker.com,4.5,Beginner,Big Data Analytics,Crescent,Data Science
6,Othella Leece,19,oleece5@gravatar.com,6.3,Beginner,SQL,SIET,Data Science
7,Kathrine Goldster,19,kgoldster6@oakley.com,6.1,Intermediate,Backend Development,SRM,Web Development
8,Ethelind Kempton,18,ekempton7@desdev.cn,5.0,Intermediate,Machine Learning,Rajalakshmi,Data Science
9,Lanita MacHostie,20,lmachostie8@amazon.com,7.3,Beginner,Front end Development,SIET,Web Development
10,Aaren Birley,21,abirley9@statcounter.com,5.9,Intermediate,"",CIT,Cloud Computing
11,Kirby Kibby,19,kkibbya@devhub.com,6.1,Beginner,Big Data Analytics,Meenakshi,Data Science
12,Hodge Poynser,18,hpoynserb@odnoklassniki.ru,4.1,Intermediate,Front end Development,CIT,Data Science
13,Elene Trusse,18,etrussec@shop-pro.jp,7.0,Intermediate,Machine Learning,SRM,Web Development
14,Yale Walklett,19,ywalklettd@wix.com,6.9,Advanced,SQL,SIET,Web Development
15,Ramon Kilgour,18,rkilgoure@cisco.com,6.8,Beginner,AWS,Crescent,Cloud Computing
16,Wiley Myford,19,wmyfordf@csmonitor.com,6.9,Beginner,SQL,Rajalakshmi,Data Science
17,Tess Frangione,20,tfrangioneg@arstechnica.com,5.6,Beginner,Big Data Analytics,Rajalakshmi,Cloud Computing
18,Wyatan Lodden,20,wloddenh@163.com,8.4,Intermediate,SQL,Crescent,Data Science
19,Ricard Munday,21,rmundayi@psu.edu,4.5,Intermediate,Big Data Analytics,SIET,Web Development
20,Cassie Azam,19,cazamj@wikimedia.org,8.5,Intermediate,Machine Learning,SRM,Web Development
21,Lionel Uttermare,18,luttermarek@weather.com,5.6,Beginner,Front end Development,Crescent,Cloud Computing
22,Stuart Tramel,18,stramell@nydailynews.com,8.7,Beginner,Front end Development,Rajalakshmi,Data Science
23,Shaine Grayshon,21,sgrayshonm@wunderground.com,6.9,Advanced,Front end Development,Meenakshi,Cloud Computing
24,Clark Blonden,19,cblondenn@tuttocitta.it,7.5,Beginner,SQL,CIT,Data Science
25,Lorita Semeniuk,18,lsemeniuko@i2i.jp,6.8,Beginner,Backend Development,SRM,Cloud Computing
26,Ursulina Warricker,19,uwarrickerp@ameblo.jp,7.3,Beginner,Deep Learning,SRM,Web Development
27,Gaylord Alberti,20,galbertiq@archive.org,5.2,Beginner,Machine Learning,Meenakshi,Web Development
28,Missie Pittoli,21,mpittolir@chron.com,5.0,Intermediate,AWS,CIT,Web Development
29,Natty Heyworth,21,nheyworths@fda.gov,6.0,Beginner,Backend Development,Rajalakshmi,Cloud Computing
30,Yasmin Cavell,18,ycavellt@hibu.com,5.5,Beginner,Front end Development,SRM,Cloud Computing
31,Bryn Physick,21,bphysicku@unc.edu,7.7,Beginner,Backend Development,Meenakshi,Data Science
32,Tabby Linkin,20,tlinkinv@pcworld.com,4.8,Intermediate,Backend Development,SRM,Data Science
33,Crissie Rosenkranc,18,crosenkrancw@cdbaby.com,4.8,Beginner,"",CIT,Cloud Computing
34,Brittani Pratton,21,bprattonx@booking.com,5.5,Beginner,Machine Learning,SIET,Cloud Computing
35,Tracee Hewell,18,thewelly@abc.net.au,9.0,Beginner,Machine Learning,Rajalakshmi,Cloud Computing
36,Aguie Godspeede,18,agodspeedez@sohu.com,8.0,Beginner,Deep Learning,SRM,Web Development
37,Rosamund Tonkes,19,rtonkes10@netlog.com,7.7,Beginner,Big Data Analytics,CIT,Data Science
38,Noel Gheorghie,20,ngheorghie11@google.com.au,9.1,Beginner,SQL,Rajalakshmi,Web Development
39,Mitchel Pantone,21,mpantone12@cisco.com,7.2,Intermediate,Backend Development,SIET,Cloud Computing
40,Marilyn Mothersdale,20,mmothersdale13@google.com.br,6.4,Beginner,Big Data Analytics,Rajalakshmi,Data Science
41,Emmey Lukash,21,elukash14@tmall.com,4.4,Advanced,Deep Learning,Crescent,Cloud Computing
42,Cordelia Gerring,18,cgerring15@nature.com,10.0,Intermediate,SQL,Crescent,Data Science
43,Raddy Ondrak,21,rondrak16@desdev.cn,5.9,Beginner,Big Data Analytics,SRM,Cloud Computing
44,Reese MacCartan,18,rmaccartan17@geocities.jp,8.3,Beginner,"",CIT,Data Science
45,Ray Caltun,21,rcaltun18@springer.com,5.5,Beginner,AWS,Rajalakshmi,Data Science
46,Dulcinea Day,21,dday19@google.ru,8.4,Intermediate,Big Data Analytics,SRM,Cloud Computing
47,Loutitia Vanlint,20,lvanlint1a@census.gov,7.0,Beginner,Front end Development,SRM,Data Science
48,Sauncho Counihan,21,scounihan1b@smugmug.com,8.4,Beginner,Deep Learning,Meenakshi,Cloud Computing
49,Dimitri Kulic,21,dkulic1c@patch.com,7.2,Intermediate,"",SRM,Cloud Computing
50,Suzann Plowman,21,splowman1d@skyrock.com,9.8,Advanced,Backend Development,Meenakshi,Cloud Computing
51,Pat Ogan,19,pogan1e@webnode.com,4.3,Advanced,Machine Learning,Meenakshi,Data Science
52,Minor Huff,18,mhuff1f@nba.com,9.7,Intermediate,Backend Development,Crescent,Cloud Computing
53,Anthiathia Pallister,19,apallister1g@seesaa.net,6.1,Advanced,"",Meenakshi,Cloud Computing
54,Arlinda Pizzey,18,apizzey1h@imageshack.us,7.9,Beginner,SQL,CIT,Cloud Computing
55,Wang Spileman,19,wspileman1i@yellowpages.com,4.6,Intermediate,Backend Development,Meenakshi,Cloud Computing
56,Randie Kettle,19,rkettle1j@hatena.ne.jp,9.3,Beginner,Deep Learning,Rajalakshmi,Data Science
57,Adams Segge,19,asegge1k@storify.com,9.9,Beginner,Big Data Analytics,CIT,Web Development
58,Vernice Reisenstein,18,vreisenstein1l@pbs.org,7.7,Beginner,AWS,SIET,Data Science
59,Arty Boxer,21,aboxer1m@google.com.hk,6.3,Intermediate,AWS,CIT,Cloud Computing
60,Baxter Lathe,21,blathe1n@myspace.com,6.8,Advanced,SQL,Rajalakshmi,Web Development
61,Devondra Terris,21,dterris1o@imdb.com,5.1,Beginner,Front end Development,SRM,Data Science
62,Beatrix Eagle,19,beagle1p@flavors.me,9.2,Beginner,Big Data Analytics,Rajalakshmi,Cloud Computing
63,Obed Steddall,20,osteddall1q@ucla.edu,8.0,Advanced,Backend Development,Crescent,Cloud Computing
64,Hanan Gilyatt,21,hgilyatt1r@toplist.cz,4.8,Intermediate,SQL,CIT,Web Development
65,Henriette Swales,21,hswales1s@admin.ch,5.8,Beginner,Front end Development,Rajalakshmi,Data Science
66,Mikel Instock,18,minstock1t@youtu.be,7.4,Intermediate,Machine Learning,CIT,Web Development
67,Emalee Knox,21,eknox1u@boston.com,8.5,Beginner,AWS,SRM,Cloud Computing
68,Catriona Ludee,19,cludee1v@miibeian.gov.cn,6.7,Beginner,Big Data Analytics,Crescent,Data Science
69,Boris LAbbet,21,blabbet1w@yellowpages.com,8.8,Beginner,Deep Learning,SIET,Cloud Computing
70,Phil McKitterick,20,pmckitterick1x@drupal.org,8.4,Beginner,Machine Learning,SRM,Data Science
71,Brenn Bielfeld,19,bbielfeld1y@oracle.com,5.6,Beginner,"",SIET,Data Science
72,Gian Crippen,18,gcrippen1z@google.ru,6.2,Intermediate,SQL,SIET,Cloud Computing
73,Sarene Erik,19,serik20@cpanel.net,9.3,Beginner,SQL,Meenakshi,Web Development
74,Marylou Chastaing,18,mchastaing21@home.pl,9.3,Advanced,Backend Development,SRM,Data Science
75,Wynn Simmank,21,wsimmank22@hubpages.com,8.3,Advanced,"",SIET,Cloud Computing
76,Rebekkah Jubert,21,rjubert23@wsj.com,6.4,Beginner,SQL,SIET,Cloud Computing
77,Monica Gailor,20,mgailor24@illinois.edu,6.9,Advanced,AWS,Meenakshi,Cloud Computing
78,Megen McIlvenna,20,mmcilvenna25@over-blog.com,4.2,Beginner,AWS,Crescent,Data Science
79,Danna Sheavills,19,dsheavills26@hud.gov,5.2,Beginner,"",SIET,Cloud Computing
80,Mariel Draye,19,mdraye27@trellian.com,9.3,Beginner,Front end Development,Meenakshi,Cloud Computing
81,Baudoin Welsh,19,bwelsh28@salon.com,9.6,Beginner,Machine Learning,SRM,Data Science
82,Fancie Lepard,18,flepard29@parallels.com,4.3,Beginner,AWS,CIT,Web Development
83,Richard Hinsch,20,rhinsch2a@shop-pro.jp,5.1,Beginner,"",SRM,Web Development
84,Margie Roscher,21,mroscher2b@google.cn,4.0,Intermediate,Big Data Analytics,SIET,Web Development
85,Broderick Kemmey,19,bkemmey2c@weather.com,5.4,Advanced,Machine Learning,SRM,Data Science
86,Ingrid Lahive,19,ilahive2d@nationalgeographic.com,9.2,Beginner,"",Rajalakshmi,Cloud Computing
87,Malinda Romain,20,mromain2e@ucla.edu,8.4,Intermediate,Big Data Analytics,SIET,Cloud Computing
88,Allissa Prandin,19,aprandin2f@skype.com,5.2,Beginner,SQL,Crescent,Web Development
89,Phillida McAulay,18,pmcaulay2g@cbsnews.com,9.3,Beginner,"",SIET,Cloud Computing
90,Tory Stodd,20,tstodd2h@is.gd,9.1,Beginner,Front end Development,SRM,Data Science
91,Ulrich Pideon,21,upideon2i@si.edu,6.5,Intermediate,Machine Learning,SRM,Cloud Computing
92,Darby Janew,18,djanew2j@dot.gov,8.3,Advanced,Big Data Analytics,SRM,Data Science
93,Tiffi Riediger,18,triediger2k@etsy.com,9.1,Advanced,Machine Learning,Crescent,Data Science
94,Gilbertine O'Gorman,19,gogorman2l@fotki.com,7.9,Beginner,AWS,Meenakshi,Cloud Computing
95,Ilise Freer,18,ifreer2m@craigslist.org,7.5,Advanced,Backend Development,SIET,Web Development
96,Cherry Dallywater,20,cdallywater2n@diigo.com,6.5,Beginner,Backend Development,Meenakshi,Data Science
97,Marje Dorin,18,mdorin2o@goo.gl,7.5,Intermediate,Backend Development,SIET,Cloud Computing
98,Ruthann Cunnah,19,rcunnah2p@quantcast.com,6.7,Beginner,Big Data Analytics,CIT,Web Development
99,Pall Poulney,18,ppoulney2q@mail.ru,8.4,Beginner,Backend Development,Meenakshi,Data Science
100,Merla Paxton,19,mpaxton2r@php.net,6.4,Intermediate,Backend Development,SRM,Web Development
101,Rea Caroline,21,rcaroline2s@youtube.com,8.8,Beginner,Machine Learning,SRM,Cloud Computing
102,Brock Larsen,19,blarsen2t@skype.com,4.6,Intermediate,Backend Development,SRM,Cloud Computing
103,Adelaida Lacelett,18,alacelett2u@eepurl.com,9.2,Beginner,AWS,Rajalakshmi,Web Development
104,Agosto Batterton,19,abatterton2v@wired.com,9.3,Beginner,Deep Learning,SRM,Data Science
105,Abie Winchcombe,18,awinchcombe2w@shareasale.com,4.4,Beginner,AWS,Crescent,Data Science
106,Arty Berrow,21,aberrow2x@cbsnews.com,4.8,Beginner,Big Data Analytics,CIT,Data Science
107,Frankie Allsep,19,fallsep2y@intel.com,6.2,Beginner,Machine Learning,Meenakshi,Data Science
108,Dionis Scammell,18,dscammell2z@taobao.com,4.0,Beginner,Front end Development,Rajalakshmi,Data Science
109,Ewart Smedmore,18,esmedmore30@spiegel.de,9.4,Intermediate,Backend Development,CIT,Cloud Computing
110,Ingmar Melior,19,imelior31@trellian.com,6.6,Advanced,Machine Learning,SRM,Web Development
111,Rice Chesterman,18,rchesterman32@sciencedirect.com,8.6,Beginner,"",SRM,Data Science
112,Ekaterina Caruth,21,ecaruth33@t.co,5.1,Beginner,Backend Development,Meenakshi,Cloud Computing
113,Vassili Kraut,18,vkraut34@freewebs.com,7.4,Intermediate,AWS,Crescent,Cloud Computing
114,Lawton Parvin,19,lparvin35@usgs.gov,4.8,Beginner,Machine Learning,SIET,Data Science
115,Silvia Foli,21,sfoli36@wsj.com,5.5,Beginner,"",SRM,Data Science
116,Adolpho Gregoratti,19,agregoratti37@phpbb.com,7.5,Intermediate,Machine Learning,SRM,Cloud Computing
117,Winonah Gowman,18,wgowman38@goo.gl,9.1,Intermediate,"",CIT,Data Science
118,Joscelin Petican,19,jpetican39@blinklist.com,9.4,Intermediate,Big Data Analytics,Rajalakshmi,Data Science
119,Berget Aristide,18,baristide3a@prweb.com,5.4,Beginner,Deep Learning,SRM,Web Development
120,Reamonn Elsie,20,relsie3b@surveymonkey.com,5.9,Beginner,Backend Development,CIT,Cloud Computing
121,Parsifal Regglar,19,pregglar3c@flickr.com,6.4,Advanced,AWS,SIET,Web Development
122,Allistir Balstone,20,abalstone3d@spotify.com,6.2,Beginner,Front end Development,SIET,Web Development
123,Georgina Quinnelly,18,gquinnelly3e@cbc.ca,6.5,Intermediate,Big Data Analytics,Rajalakshmi,Data Science
124,Rosabelle Rooson,18,rrooson3f@drupal.org,9.0,Beginner,"",CIT,Web Development
125,Binnie Fane,19,bfane3g@altervista.org,5.7,Beginner,"",SRM,Web Development
126,Benjamen Helstrom,21,bhelstrom3h@goo.ne.jp,4.7,Beginner,Big Data Analytics,Rajalakshmi,Web Development
127,Edgardo Bennetto,19,ebennetto3i@nih.gov,9.8,Intermediate,Machine Learning,SRM,Web Development
128,Erminie Fuentes,21,efuentes3j@cyberchimps.com,9.1,Intermediate,Big Data Analytics,CIT,Data Science
129,Vally Sissons,20,vsissons3k@wordpress.org,7.0,Intermediate,SQL,Meenakshi,Cloud Computing
130,Godfree Keggins,18,gkeggins3l@stumbleupon.com,4.7,Intermediate,Front end Development,Rajalakshmi,Web Development
131,Jasper Agerskow,21,jagerskow3m@pbs.org,4.8,Beginner,Backend Development,SRM,Web Development
132,Windy Lunk,20,wlunk3n@economist.com,6.1,Beginner,"",SRM,Cloud Computing
133,Gay Pahl,19,gpahl3o@ocn.ne.jp,5.2,Beginner,AWS,Crescent,Web Development
134,Burnaby Fogg,20,bfogg3p@salon.com,5.9,Beginner,"",CIT,Web Development
135,Skipper Summergill,20,ssummergill3q@bluehost.com,5.7,Intermediate,AWS,Rajalakshmi,Web Development
136,Breena Pauli,21,bpauli3r@reference.com,8.6,Advanced,Big Data Analytics,Meenakshi,Data Science
137,Shelia Sedgmond,21,ssedgmond3s@upenn.edu,8.8,Intermediate,Big Data Analytics,SRM,Web Development
138,Shellie Spiteri,20,sspiteri3t@google.ru,6.6,Beginner,SQL,CIT,Web Development
139,Mason Mewhirter,18,mmewhirter3u@psu.edu,4.2,Beginner,"",Crescent,Data Science
140,Sibel Simonutti,18,ssimonutti3v@yolasite.com,8.7,Beginner,Big Data Analytics,Crescent,Data Science
141,Averil Brownill,21,abrownill3w@purevolume.com,4.8,Advanced,"",SIET,Cloud Computing
142,Alix McNeilly,21,amcneilly3x@purevolume.com,9.7,Advanced,AWS,CIT,Cloud Computing
143,Evey Sor,19,esor3y@last.fm,9.3,Beginner,Big Data Analytics,CIT,Web Development
144,Gisela Thirtle,18,gthirtle3z@gov.uk,5.0,Beginner,Deep Learning,SIET,Web Development
145,Rosalynd Worts,19,rworts40@sakura.ne.jp,9.2,Beginner,Big Data Analytics,SRM,Data Science
146,Traci Izat,19,tizat41@yandex.ru,4.7,Beginner,"",Meenakshi,Cloud Computing
147,Job Barthelemy,19,jbarthelemy42@who.int,4.6,Advanced,Big Data Analytics,Rajalakshmi,Cloud Computing
148,Bellina Bowering,20,bbowering43@wsj.com,9.7,Beginner,"",SRM,Data Science
149,Bill Skyrme,18,bskyrme44@icq.com,4.3,Beginner,AWS,CIT,Web Development
150,Maiga Barribal,19,mbarribal45@statcounter.com,5.2,Beginner,Big Data Analytics,SRM,Data Science
151,Goldia Dixcee,21,gdixcee46@toplist.cz,5.3,Intermediate,AWS,Meenakshi,Data Science
152,Kelley Kearn,19,kkearn47@blog.com,9.6,Beginner,Deep Learning,SIET,Web Development
153,Terri-jo Tolman,18,ttolman48@bbb.org,4.6,Intermediate,Front end Development,Crescent,Data Science
154,Em Fawks,21,efawks49@sfgate.com,4.7,Beginner,"",SRM,Data Science
155,Keane Hirtzmann,19,khirtzmann4a@ning.com,9.3,Advanced,SQL,CIT,Cloud Computing
156,Ayn Bozward,21,abozward4b@dot.gov,6.4,Intermediate,"",Meenakshi,Data Science
157,Dominique Darnbrough,19,ddarnbrough4c@google.co.jp,9.6,Intermediate,Front end Development,Crescent,Cloud Computing
158,Agosto Hanbidge,18,ahanbidge4d@omniture.com,6.7,Intermediate,AWS,SIET,Web Development
159,Chan Serjeant,18,cserjeant4e@taobao.com,4.8,Intermediate,Backend Development,CIT,Cloud Computing
160,Erny Sarten,21,esarten4f@elegantthemes.com,6.7,Beginner,AWS,SRM,Data Science
161,Jeffy Ingamells,18,jingamells4g@xrea.com,4.3,Intermediate,Machine Learning,SRM,Data Science
162,Andreana Rubke,19,arubke4h@goo.ne.jp,9.6,Intermediate,Big Data Analytics,SRM,Cloud Computing
163,Delcine Eton,21,deton4i@spiegel.de,5.3,Intermediate,Big Data Analytics,Meenakshi,Web Development
164,Chrotoem Boucher,21,cboucher4j@hubpages.com,4.7,Beginner,Deep Learning,SIET,Web Development
165,Shawn O'Currigan,20,socurrigan4k@earthlink.net,6.9,Beginner,SQL,Meenakshi,Data Science
166,Maryann O'Kane,19,mokane4l@jalbum.net,9.9,Beginner,AWS,SIET,Cloud Computing
167,Levy Banham,21,lbanham4m@github.com,7.2,Intermediate,Big Data Analytics,SRM,Data Science
168,Glenna Mitchinson,20,gmitchinson4n@archive.org,4.2,Beginner,Big Data Analytics,SIET,Web Development
169,Sybyl Drei,19,sdrei4o@go.com,4.3,Intermediate,Backend Development,CIT,Web Development
170,Abbe Ridde,20,aridde4p@w3.org,5.2,Beginner,Deep Learning,SRM,Cloud Computing
171,Georgie Coale,20,gcoale4q@statcounter.com,4.7,Advanced,AWS,Rajalakshmi,Web Development
172,Lindsay Elsmore,18,lelsmore4r@hugedomains.com,8.3,Beginner,Backend Development,SRM,Cloud Computing
173,Erick Maudling,18,emaudling4s@prnewswire.com,7.2,Beginner,Front end Development,CIT,Web Development
174,Shoshanna Ormistone,20,sormistone4t@whitehouse.gov,9.9,Beginner,Front end Development,SIET,Data Science
175,Jeremiah Lillie,19,jlillie4u@google.com,4.1,Advanced,SQL,Crescent,Web Development
176,Harmonia Oblein,21,hoblein4v@vimeo.com,9.5,Advanced,SQL,SIET,Cloud Computing
177,Gaby Lydall,20,glydall4w@wunderground.com,5.9,Intermediate,SQL,SIET,Data Science
178,Denys Tejero,20,dtejero4x@china.com.cn,8.4,Advanced,AWS,SRM,Web Development
179,Kennith Cownden,21,kcownden4y@diigo.com,6.7,Beginner,SQL,CIT,Cloud Computing
180,Marlowe Ingleby,21,mingleby4z@instagram.com,7.2,Beginner,AWS,SIET,Web Development
181,Frasier Donkersley,19,fdonkersley50@biblegateway.com,4.7,Intermediate,Machine Learning,CIT,Cloud Computing
182,Cissiee Moutray Read,18,cmoutray51@utexas.edu,6.9,Intermediate,AWS,Meenakshi,Web Development
183,Susannah Morant,18,smorant52@eepurl.com,7.1,Intermediate,SQL,SRM,Data Science
184,Sigrid Hindenburg,21,shindenburg53@opensource.org,7.3,Beginner,AWS,SIET,Cloud Computing
185,June Kinset,20,jkinset54@yahoo.co.jp,5.6,Beginner,Big Data Analytics,SIET,Cloud Computing
186,Elton MacGee,20,emacgee55@g.co,7.5,Beginner,Backend Development,Rajalakshmi,Web Development
187,Fidel Layton,18,flayton56@hud.gov,5.6,Intermediate,AWS,Meenakshi,Data Science
188,Elnora Denmead,18,edenmead57@fotki.com,6.8,Beginner,"",SIET,Data Science
189,Taffy Mayow,18,tmayow58@tripadvisor.com,8.8,Beginner,"",SIET,Data Science
190,Jemmie Mazzilli,18,jmazzilli59@360.cn,4.7,Intermediate,Front end Development,Crescent,Web Development
191,Dorey McConnulty,20,dmcconnulty5a@oakley.com,7.5,Beginner,Backend Development,CIT,Web Development
192,Abbye Davidescu,18,adavidescu5b@canalblog.com,8.8,Intermediate,SQL,Crescent,Cloud Computing
193,Carlota Woodwind,18,cwoodwind5c@plala.or.jp,7.4,Intermediate,SQL,CIT,Cloud Computing
194,Ewart Martynka,19,emartynka5d@java.com,9.4,Beginner,AWS,SRM,Web Development
195,Moyna Kobierra,19,mkobierra5e@narod.ru,9.1,Beginner,SQL,SIET,Data Science
196,Marcel Levee,20,mlevee5f@jiathis.com,5.2,Beginner,AWS,SIET,Data Science
197,Livvy Castledine,21,lcastledine5g@addtoany.com,7.5,Beginner,AWS,Meenakshi,Data Science
198,Lorain Neubigin,20,lneubigin5h@bizjournals.com,4.9,Beginner,Front end Development,SRM,Cloud Computing
199,Augy Bendik,19,abendik5i@china.com.cn,8.3,Intermediate,Backend Development,Rajalakshmi,Web Development
200,Homere Chalder,20,hchalder5j@ftc.gov,4.3,Advanced,Front end Development,Crescent,Web Development
201,Schuyler Parzizek,20,sparzizek5k@fda.gov,4.5,Advanced,Machine Learning,CIT,Cloud Computing
202,Leisha Greenhill,21,lgreenhill5l@google.fr,9.9,Beginner,SQL,Meenakshi,Data Science
203,Genevra Camfield,21,gcamfield5m@php.net,8.0,Advanced,"",Meenakshi,Data Science
204,Karlis Andriessen,20,kandriessen5n@google.es,4.3,Beginner,Deep Learning,SRM,Data Science
205,Norine Dugall,18,ndugall5o@yahoo.com,4.2,Beginner,AWS,SRM,Data Science
206,Mischa Gumley,21,mgumley5p@aol.com,5.0,Advanced,Big Data Analytics,Meenakshi,Cloud Computing
207,Bennie McManamon,21,bmcmanamon5q@toplist.cz,5.7,Beginner,SQL,CIT,Data Science
208,Thomasine Antoshin,18,tantoshin5r@odnoklassniki.ru,7.2,Beginner,Machine Learning,Crescent,Web Development
209,Gavrielle Demke,18,gdemke5s@tumblr.com,7.4,Intermediate,Big Data Analytics,SIET,Web Development
210,Nessie Sellars,19,nsellars5t@domainmarket.com,5.0,Beginner,Front end Development,CIT,Web Development
211,Dore Polglase,19,dpolglase5u@google.it,5.6,Intermediate,Backend Development,Rajalakshmi,Data Science
212,Hinda Forker,21,hforker5v@ucoz.com,4.3,Beginner,Big Data Analytics,Crescent,Web Development
213,Ally Lohmeyer,20,alohmeyer5w@hao123.com,8.4,Intermediate,Front end Development,SRM,Cloud Computing
214,Brewster Stenhouse,19,bstenhouse5x@wsj.com,4.9,Beginner,SQL,Crescent,Data Science
215,Melodee Narramor,21,mnarramor5y@berkeley.edu,6.3,Beginner,Backend Development,SRM,Data Science
216,Terence Vedenisov,19,tvedenisov5z@vinaora.com,9.5,Beginner,Front end Development,Rajalakshmi,Cloud Computing
217,Prescott Siggens,20,psiggens60@cdc.gov,6.0,Beginner,Machine Learning,Crescent,Cloud Computing
218,Davy Benger,18,dbenger61@wiley.com,8.8,Beginner,Machine Learning,SIET,Web Development
219,Lindi Lippiatt,21,llippiatt62@wordpress.com,9.4,Beginner,Front end Development,SIET,Web Development
220,Jeanette Kellogg,21,jkellogg63@mtv.com,9.0,Beginner,Big Data Analytics,SRM,Cloud Computing
221,Marni Ferri,18,mferri64@google.co.jp,9.3,Intermediate,Front end Development,Rajalakshmi,Data Science
222,Bernie Ricoald,20,bricoald65@yahoo.com,9.5,Intermediate,Deep Learning,SRM,Data Science
223,Olenka Wallbridge,18,owallbridge66@toplist.cz,9.0,Beginner,Machine Learning,CIT,Data Science
224,Gnni Pickford,21,gpickford67@sciencedaily.com,7.9,Intermediate,Big Data Analytics,CIT,Data Science
225,Jyoti Gossop,18,jgossop68@symantec.com,4.4,Advanced,"",CIT,Web Development
226,Christiano Weildish,19,cweildish69@lulu.com,5.0,Advanced,AWS,Crescent,Web Development
227,Casie Tawn,20,ctawn6a@networksolutions.com,5.2,Beginner,Big Data Analytics,CIT,Web Development
228,Roxi Jerrom,20,rjerrom6b@arstechnica.com,8.9,Beginner,"",Meenakshi,Data Science
229,Carrol Artrick,18,cartrick6c@craigslist.org,9.3,Beginner,Big Data Analytics,SIET,Data Science
230,Nicky Riden,20,nriden6d@shareasale.com,9.7,Intermediate,"",Crescent,Web Development
231,Van Murcutt,19,vmurcutt6e@lulu.com,8.0,Beginner,SQL,CIT,Cloud Computing
232,Ailyn Pedracci,21,apedracci6f@java.com,8.7,Beginner,AWS,Meenakshi,Cloud Computing
233,Kain Aldrich,20,kaldrich6g@vimeo.com,8.9,Beginner,Deep Learning,SIET,Data Science
234,Wenonah Thumnel,18,wthumnel6h@imdb.com,5.5,Advanced,Deep Learning,Meenakshi,Data Science
235,Oliy Danne,18,odanne6i@liveinternet.ru,7.6,Beginner,Front end Development,Rajalakshmi,Cloud Computing
236,Sampson Guiu,21,sguiu6j@hatena.ne.jp,5.4,Intermediate,Front end Development,SIET,Cloud Computing
237,Rodolph Mettrick,18,rmettrick6k@facebook.com,6.3,Beginner,AWS,Meenakshi,Cloud Computing
238,Lorianne Wickman,19,lwickman6l@noaa.gov,5.3,Intermediate,Backend Development,Meenakshi,Data Science
239,Delia Cardiff,19,dcardiff6m@ca.gov,9.4,Intermediate,Front end Development,CIT,Data Science
240,Leta Goadby,20,lgoadby6n@pagesperso-orange.fr,8.2,Advanced,Front end Development,Crescent,Cloud Computing
241,Val Moylane,21,vmoylane6o@harvard.edu,9.2,Intermediate,AWS,CIT,Web Development
242,Benny Hefferon,20,bhefferon6p@hubpages.com,6.5,Advanced,Machine Learning,Rajalakshmi,Data Science
243,Twila Omand,18,tomand6q@gov.uk,5.1,Beginner,SQL,SRM,Cloud Computing
244,Anson Curcher,19,acurcher6r@wordpress.com,8.8,Beginner,SQL,Rajalakshmi,Web Development
245,Almire Geydon,20,ageydon6s@toplist.cz,5.1,Beginner,Machine Learning,SRM,Cloud Computing
246,Loretta Arnholtz,19,larnholtz6t@google.nl,8.0,Beginner,SQL,SRM,Cloud Computing
247,Karly Southby,18,ksouthby6u@house.gov,6.7,Beginner,Deep Learning,SRM,Cloud Computing
248,Leone Schruyers,20,lschruyers6v@merriam-webster.com,8.0,Advanced,Big Data Analytics,Crescent,Web Development
249,Chloe Horick,20,chorick6w@guardian.co.uk,7.8,Intermediate,"",CIT,Web Development
250,Rhea McShea,19,rmcshea6x@t-online.de,5.3,Beginner,"",Crescent,Data Science
251,Jessamyn MacCall,19,jmaccall6y@loc.gov,6.9,Beginner,Deep Learning,Meenakshi,Web Development
252,Lisbeth Haselwood,19,lhaselwood6z@yolasite.com,8.9,Beginner,Machine Learning,Rajalakshmi,Data Science
253,Sherlock Clipsham,18,sclipsham70@economist.com,9.2,Advanced,Deep Learning,SRM,Data Science
254,Maurine Follen,19,mfollen71@jimdo.com,4.2,Beginner,Backend Development,Meenakshi,Data Science
255,Chad Fosten,21,cfosten72@delicious.com,5.7,Beginner,Machine Learning,SRM,Cloud Computing
256,Lita Commins,18,lcommins73@accuweather.com,4.3,Beginner,AWS,Rajalakshmi,Data Science
257,Ursola Fladgate,18,ufladgate74@zimbio.com,4.9,Intermediate,SQL,Crescent,Data Science
258,Edmund Worlock,21,eworlock75@constantcontact.com,6.1,Beginner,Backend Development,Meenakshi,Data Science
259,Eadith Jelphs,19,ejelphs76@boston.com,4.3,Beginner,Machine Learning,SIET,Web Development
260,Cathrin Scading,19,cscading77@miitbeian.gov.cn,4.4,Beginner,SQL,SIET,Web Development
261,Rogerio Corrett,18,rcorrett78@ibm.com,7.5,Intermediate,Deep Learning,Crescent,Web Development
262,Hale Wheadon,21,hwheadon79@myspace.com,9.0,Beginner,SQL,Meenakshi,Data Science
263,Harmonia Cloutt,20,hcloutt7a@slideshare.net,5.4,Intermediate,Backend Development,SRM,Web Development
264,Ysabel Dalziel,18,ydalziel7b@usa.gov,7.1,Beginner,Front end Development,Rajalakshmi,Data Science
265,Gleda Swadlen,19,gswadlen7c@timesonline.co.uk,4.1,Beginner,Deep Learning,CIT,Cloud Computing
266,Sheelah Chitham,19,schitham7d@nydailynews.com,5.2,Beginner,Machine Learning,Rajalakshmi,Cloud Computing
267,Elizabet Sebyer,20,esebyer7e@sina.com.cn,5.9,Intermediate,Front end Development,Crescent,Web Development
268,Torrie Telfer,21,ttelfer7f@dyndns.org,4.2,Advanced,Big Data Analytics,SRM,Cloud Computing
269,Pincas Astles,20,pastles7g@techcrunch.com,6.9,Intermediate,Machine Learning,SRM,Data Science
270,Lorelle Spikeings,21,lspikeings7h@harvard.edu,7.0,Beginner,Deep Learning,Meenakshi,Cloud Computing
271,Lennard Glanert,19,lglanert7i@blogs.com,7.6,Intermediate,SQL,Crescent,Data Science
272,Corly Getten,19,cgetten7j@oracle.com,6.2,Beginner,Front end Development,Crescent,Web Development
273,Wesley Kording,20,wkording7k@histats.com,7.7,Advanced,Deep Learning,CIT,Data Science
274,Georgi Brotherhed,18,gbrotherhed7l@t.co,6.0,Beginner,AWS,Rajalakshmi,Web Development
275,Bil Marien,20,bmarien7m@arstechnica.com,7.0,Intermediate,Machine Learning,Rajalakshmi,Data Science
276,Kerstin Fudger,20,kfudger7n@technorati.com,7.8,Beginner,Machine Learning,SIET,Web Development
277,Ladonna Panter,21,lpanter7o@youtu.be,5.1,Beginner,Machine Learning,SRM,Cloud Computing
278,Reilly Lumsdon,19,rlumsdon7p@wordpress.org,6.8,Advanced,Front end Development,CIT,Cloud Computing
279,Melvyn Stebbin,21,mstebbin7q@networkadvertising.org,6.5,Beginner,Backend Development,SRM,Web Development
280,Felicia Henstridge,20,fhenstridge7r@qq.com,4.7,Beginner,Big Data Analytics,Meenakshi,Cloud Computing
281,Harman Oager,21,hoager7s@examiner.com,9.0,Beginner,SQL,SRM,Web Development
282,Harbert Woodruffe,19,hwoodruffe7t@kickstarter.com,6.0,Beginner,AWS,CIT,Web Development
283,Kristofer Tebbett,18,ktebbett7u@google.cn,7.2,Beginner,Deep Learning,SIET,Cloud Computing
284,Micheil Heijne,18,mheijne7v@tmall.com,4.8,Intermediate,Machine Learning,Meenakshi,Web Development
285,Mandy Shilston,20,mshilston7w@hc360.com,4.5,Beginner,Machine Learning,Rajalakshmi,Web Development
286,Delila Brangan,21,dbrangan7x@npr.org,4.1,Intermediate,Big Data Analytics,CIT,Web Development
287,Ray Simeone,18,rsimeone7y@networkadvertising.org,8.6,Advanced,Deep Learning,SIET,Data Science
288,Maryanna Furmonger,21,mfurmonger7z@ebay.co.uk,9.8,Intermediate,Big Data Analytics,SIET,Web Development
289,Rafaela Averall,18,raverall80@webeden.co.uk,5.0,Intermediate,"",Crescent,Data Science
290,Arabele Navarijo,18,anavarijo81@goo.ne.jp,7.7,Beginner,SQL,SRM,Cloud Computing
291,Christyna Coventry,19,ccoventry82@youtube.com,7.0,Intermediate,AWS,Rajalakshmi,Web Development
292,Odille Gresley,20,ogresley83@unesco.org,8.0,Advanced,Machine Learning,CIT,Cloud Computing
293,Haslett Stockey,19,hstockey84@nymag.com,9.1,Beginner,Deep Learning,Meenakshi,Cloud Computing
294,Vanna Messier,20,vmessier85@hhs.gov,9.6,Intermediate,"",Meenakshi,Data Science
295,Olly Abrahmovici,19,oabrahmovici86@moonfruit.com,8.6,Beginner,Front end Development,Crescent,Web Development
296,Boote Limrick,18,blimrick87@over-blog.com,8.4,Beginner,Big Data Analytics,Crescent,Data Science
297,Damon Cudby,21,dcudby88@furl.net,9.1,Beginner,Front end Development,Meenakshi,Cloud Computing
298,Sharon Cyseley,20,scyseley89@surveymonkey.com,5.1,Advanced,Machine Learning,CIT,Cloud Computing
299,Mitchel Crippill,19,mcrippill8a@drupal.org,9.3,Intermediate,SQL,Meenakshi,Web Development
300,Langsdon Merrigan,18,lmerrigan8b@baidu.com,8.3,Beginner,"",CIT,Cloud Computing
301,Elizabet MacDougal,19,emacdougal8c@newsvine.com,4.3,Beginner,Backend Development,SRM,Data Science
302,Kip Menlow,18,kmenlow8d@skype.com,5.8,Intermediate,Big Data Analytics,Rajalakshmi,Data Science
303,Barth Ingle,20,bingle8e@networkadvertising.org,8.5,Intermediate,SQL,Rajalakshmi,Cloud Computing
304,Nelle Bromell,18,nbromell8f@addthis.com,8.4,Beginner,Backend Development,Rajalakshmi,Data Science
305,Vicki Scoles,19,vscoles8g@imgur.com,9.5,Beginner,Big Data Analytics,Crescent,Data Science
306,Chen Radolf,18,cradolf8h@google.de,8.3,Advanced,Deep Learning,SIET,Data Science
307,Will Whitmore,21,wwhitmore8i@usatoday.com,9.7,Beginner,Deep Learning,Meenakshi,Web Development
308,Helene Pannaman,21,hpannaman8j@sakura.ne.jp,9.4,Advanced,SQL,Rajalakshmi,Cloud Computing
309,Carlye Trinke,18,ctrinke8k@github.com,9.7,Beginner,Backend Development,SIET,Web Development
310,Hailey Antram,18,hantram8l@constantcontact.com,4.6,Beginner,Big Data Analytics,SRM,Data Science
311,Gabriello Mackneis,21,gmackneis8m@list-manage.com,4.6,Advanced,Front end Development,Meenakshi,Web Development
312,Cleo Hritzko,18,chritzko8n@nsw.gov.au,7.8,Beginner,SQL,SIET,Web Development
313,Cal Fuentez,19,cfuentez8o@forbes.com,5.3,Beginner,Front end Development,CIT,Data Science
314,Peterus Mathan,19,pmathan8p@harvard.edu,9.6,Advanced,Deep Learning,CIT,Web Development
315,Francisca MacElharge,19,fmacelharge8q@issuu.com,7.8,Intermediate,Machine Learning,SIET,Cloud Computing
316,Wanids Ingamells,18,wingamells8r@ucoz.ru,9.2,Advanced,SQL,SRM,Cloud Computing
317,Puff Conant,20,pconant8s@theglobeandmail.com,5.3,Beginner,AWS,Rajalakshmi,Cloud Computing
318,Alick Joblin,18,ajoblin8t@squidoo.com,6.6,Beginner,Deep Learning,Meenakshi,Data Science
319,Humberto Eicheler,19,heicheler8u@ezinearticles.com,6.2,Beginner,Big Data Analytics,SRM,Cloud Computing
320,Edward Myrtle,20,emyrtle8v@wiley.com,6.4,Advanced,Front end Development,Crescent,Cloud Computing
321,Lorrie Craw,19,lcraw8w@webs.com,4.7,Advanced,Front end Development,SRM,Data Science
322,Sheila MacComiskey,18,smaccomiskey8x@wsj.com,7.2,Advanced,Backend Development,CIT,Web Development
323,Milli Dyne,20,mdyne8y@ox.ac.uk,9.4,Intermediate,"",CIT,Web Development
324,Norbert Danton,18,ndanton8z@booking.com,9.2,Beginner,AWS,Meenakshi,Web Development
325,Carly Rodman,18,crodman90@pbs.org,8.1,Beginner,AWS,SIET,Data Science
326,Robinia Brunstan,20,rbrunstan91@moonfruit.com,5.8,Advanced,Deep Learning,Crescent,Web Development
327,Giffer McPhaden,20,gmcphaden92@wix.com,8.5,Beginner,"",Crescent,Web Development
328,Agustin Christophle,20,achristophle93@sphinn.com,9.2,Beginner,"",CIT,Web Development
329,Sibbie Ogger,19,sogger94@who.int,4.4,Intermediate,Backend Development,Meenakshi,Data Science
330,Edi Ganderton,20,eganderton95@dagondesign.com,7.1,Advanced,Front end Development,Meenakshi,Web Development
331,Aubree McCafferty,20,amccafferty96@ft.com,4.7,Beginner,SQL,Meenakshi,Web Development
332,Patsy Gaskill,20,pgaskill97@dmoz.org,4.3,Advanced,Big Data Analytics,Meenakshi,Web Development
333,Yuma Kensley,21,ykensley98@soup.io,7.1,Beginner,AWS,Crescent,Cloud Computing
334,Kele Rushmare,20,krushmare99@si.edu,7.5,Beginner,Backend Development,Crescent,Data Science
335,Farrel Conew,19,fconew9a@boston.com,9.3,Beginner,Front end Development,Crescent,Data Science
336,Rurik Werrilow,20,rwerrilow9b@princeton.edu,5.8,Beginner,Front end Development,Crescent,Cloud Computing
337,Flint Oldershaw,18,foldershaw9c@godaddy.com,5.2,Intermediate,"",Meenakshi,Data Science
338,Anallese MacKereth,20,amackereth9d@globo.com,9.9,Beginner,Machine Learning,Rajalakshmi,Web Development
339,Hailey D'Ambrosio,18,hdambrosio9e@nps.gov,6.8,Intermediate,Big Data Analytics,Rajalakshmi,Web Development
340,Way Naldrett,18,wnaldrett9f@prlog.org,4.8,Beginner,Deep Learning,SRM,Cloud Computing
341,Erna Marner,18,emarner9g@uiuc.edu,7.0,Intermediate,AWS,Crescent,Cloud Computing
342,Ninette Lorinez,21,nlorinez9h@disqus.com,6.5,Advanced,Front end Development,SRM,Cloud Computing
343,Dorita Gytesham,20,dgytesham9i@youku.com,7.3,Beginner,Deep Learning,Rajalakshmi,Web Development
344,Sibylla Ommanney,19,sommanney9j@live.com,4.5,Intermediate,Big Data Analytics,SRM,Web Development
345,Josi Rosenqvist,21,jrosenqvist9k@yandex.ru,6.2,Advanced,AWS,CIT,Data Science
346,Dyana Benois,21,dbenois9l@ehow.com,7.9,Intermediate,Front end Development,Crescent,Data Science
347,Percival Corris,19,pcorris9m@virginia.edu,7.6,Beginner,Big Data Analytics,SIET,Cloud Computing
348,Hanna Peinke,19,hpeinke9n@msn.com,9.5,Intermediate,Big Data Analytics,CIT,Web Development
349,Fairfax Cochern,19,fcochern9o@army.mil,5.2,Beginner,"",Crescent,Cloud Computing
350,Allin Pedder,21,apedder9p@cbsnews.com,4.6,Beginner,Big Data Analytics,Meenakshi,Cloud Computing
351,Tiffie MacMychem,21,tmacmychem9q@vkontakte.ru,9.7,Intermediate,Big Data Analytics,Rajalakshmi,Web Development
352,Nedda Bassingham,20,nbassingham9r@linkedin.com,7.8,Beginner,Backend Development,SRM,Web Development
353,Indira Malicki,19,imalicki9s@nasa.gov,8.1,Intermediate,"",Meenakshi,Data Science
354,Nicki Tighe,20,ntighe9t@google.de,4.4,Beginner,Big Data Analytics,Crescent,Cloud Computing
355,Derwin Nelhams,19,dnelhams9u@nbcnews.com,4.3,Intermediate,SQL,SRM,Web Development
356,Xavier Goodburn,19,xgoodburn9v@senate.gov,7.1,Beginner,Machine Learning,Rajalakshmi,Data Science
357,Peirce Starkey,19,pstarkey9w@drupal.org,5.2,Beginner,"",CIT,Cloud Computing
358,Starlene Hartas,20,shartas9x@google.es,7.5,Beginner,AWS,Meenakshi,Cloud Computing
359,Kali Platt,18,kplatt9y@discovery.com,9.7,Intermediate,"",SIET,Data Science
360,Hobard Bromet,21,hbromet9z@youku.com,7.1,Intermediate,Deep Learning,SRM,Data Science
361,Chloe Lavalle,20,clavallea0@bbb.org,5.8,Beginner,SQL,SIET,Web Development
362,Natalina Trench,21,ntrencha1@bloglines.com,6.3,Beginner,Backend Development,Rajalakshmi,Data Science
363,Rita Maskall,19,rmaskalla2@ebay.co.uk,9.7,Intermediate,Backend Development,SIET,Cloud Computing
364,Bryan Littlekit,18,blittlekita3@dyndns.org,8.2,Beginner,AWS,Rajalakshmi,Cloud Computing
365,Zora Geraldini,21,zgeraldinia4@t-online.de,6.5,Beginner,SQL,CIT,Web Development
366,Elwira Toombes,19,etoombesa5@pagesperso-orange.fr,8.0,Beginner,Deep Learning,Crescent,Cloud Computing
367,Rees Mackerness,18,rmackernessa6@examiner.com,8.9,Beginner,Front end Development,SRM,Web Development
368,Debee Weale,21,dwealea7@cafepress.com,7.2,Beginner,"",SRM,Web Development
369,Holly-anne Fathers,20,hfathersa8@earthlink.net,10.0,Intermediate,Machine Learning,Meenakshi,Web Development
370,Ethelind Element,19,eelementa9@github.io,9.7,Intermediate,Front end Development,Rajalakshmi,Cloud Computing
371,Keslie Whenham,19,kwhenhamaa@mit.edu,5.1,Beginner,SQL,Meenakshi,Cloud Computing
372,Gallard Martignon,20,gmartignonab@va.gov,4.7,Beginner,Front end Development,Meenakshi,Cloud Computing
373,Bernadina Tie,18,btieac@tuttocitta.it,9.5,Beginner,"",Crescent,Cloud Computing
374,Bord Geill,19,bgeillad@ucoz.com,8.2,Intermediate,Machine Learning,SRM,Cloud Computing
375,Briggs Ollin,18,bollinae@japanpost.jp,9.8,Beginner,SQL,Crescent,Web Development
376,Pancho Beedie,18,pbeedieaf@dell.com,6.4,Beginner,Big Data Analytics,CIT,Data Science
377,Siouxie Try,20,stryag@harvard.edu,4.2,Beginner,Machine Learning,Meenakshi,Cloud Computing
378,Pascale Reisin,21,preisinah@desdev.cn,7.6,Beginner,Machine Learning,Crescent,Cloud Computing
379,Dorree Brendish,19,dbrendishai@sitemeter.com,9.1,Beginner,Big Data Analytics,Rajalakshmi,Data Science
380,Anastassia Tant,20,atantaj@toplist.cz,9.6,Advanced,AWS,Crescent,Cloud Computing
381,Obed Lushey,20,olusheyak@arstechnica.com,8.3,Beginner,Backend Development,Crescent,Web Development
382,Lenci Free,21,lfreeal@cnet.com,4.6,Intermediate,Machine Learning,CIT,Cloud Computing
383,Emmeline Gettings,21,egettingsam@sogou.com,5.5,Advanced,"",Crescent,Cloud Computing
384,Jandy Duggleby,18,jdugglebyan@prnewswire.com,7.8,Advanced,SQL,SIET,Data Science
385,Minor Ornells,18,mornellsao@cdbaby.com,6.5,Beginner,Front end Development,SIET,Web Development
386,Doralynne Lefwich,20,dlefwichap@statcounter.com,8.6,Intermediate,Backend Development,SIET,Data Science
387,Alvera O'Daly,19,aodalyaq@cornell.edu,5.9,Beginner,Deep Learning,SIET,Data Science
388,Andrew Clayworth,19,aclayworthar@nydailynews.com,7.9,Beginner,AWS,Rajalakshmi,Cloud Computing
389,Dianemarie Fogel,19,dfogelas@blogspot.com,6.4,Beginner,Backend Development,SRM,Web Development
390,Estelle Cordeau,18,ecordeauat@alibaba.com,9.1,Beginner,SQL,CIT,Cloud Computing
391,Chic Kesteven,21,ckestevenau@ucoz.com,8.3,Beginner,Front end Development,CIT,Cloud Computing
392,Jacques Fawlkes,20,jfawlkesav@exblog.jp,4.6,Intermediate,Backend Development,CIT,Data Science
393,Kimberlyn Grundey,20,kgrundeyaw@sina.com.cn,8.5,Beginner,"",SRM,Data Science
394,Katrina Stealy,18,kstealyax@state.gov,7.0,Intermediate,Backend Development,Meenakshi,Cloud Computing
395,Jean Kindell,18,jkindellay@yahoo.com,7.4,Beginner,Front end Development,SRM,Data Science
396,Kevina Durie,21,kdurieaz@ftc.gov,4.2,Intermediate,Big Data Analytics,Rajalakshmi,Cloud Computing
397,Corena Bowkett,21,cbowkettb0@tiny.cc,5.0,Intermediate,Front end Development,Meenakshi,Web Development
398,Nicholle Sellar,20,nsellarb1@sitemeter.com,8.3,Advanced,SQL,Crescent,Data Science
399,Grayce Lathleiffure,20,glathleiffureb2@patch.com,9.1,Intermediate,SQL,Rajalakshmi,Data Science
400,Hogan Brunn,18,hbrunnb3@google.com.hk,7.9,Beginner,SQL,CIT,Cloud Computing
401,Adoree Trounson,18,atrounsonb4@histats.com,7.1,Beginner,AWS,SRM,Web Development
402,Rodger Franzotto,18,rfranzottob5@smh.com.au,8.6,Beginner,"",SRM,Data Science
403,Darsie Frigout,19,dfrigoutb6@1688.com,10.0,Beginner,Big Data Analytics,Rajalakshmi,Data Science
404,Joni Balk,18,jbalkb7@google.it,8.8,Beginner,Machine Learning,SRM,Data Science
405,Chelsy Mellers,18,cmellersb8@google.com,9.2,Intermediate,Backend Development,Rajalakshmi,Web Development
406,Saxe Gervaise,21,sgervaiseb9@ucoz.ru,5.3,Beginner,Machine Learning,Crescent,Data Science
407,Moritz Whear,18,mwhearba@nymag.com,6.1,Beginner,Deep Learning,Meenakshi,Web Development
408,Mariette D'eath,19,mdeathbb@ezinearticles.com,8.5,Intermediate,Big Data Analytics,Meenakshi,Data Science
409,Patrizio Blackborough,20,pblackboroughbc@cbslocal.com,7.5,Beginner,Backend Development,SIET,Web Development
410,Klarika Thirkettle,21,kthirkettlebd@wsj.com,6.4,Beginner,AWS,Crescent,Web Development
411,Nona Dupree,20,ndupreebe@naver.com,4.1,Intermediate,Deep Learning,SRM,Web Development
412,Bram Scawen,18,bscawenbf@mit.edu,6.6,Beginner,SQL,Meenakshi,Data Science
413,Deidre Beardsley,18,dbeardsleybg@seesaa.net,6.5,Beginner,SQL,CIT,Data Science
414,Karney Birnie,19,kbirniebh@cnn.com,4.4,Intermediate,Big Data Analytics,Crescent,Web Development
415,Kaylee Yea,20,kyeabi@irs.gov,4.6,Beginner,Machine Learning,SIET,Cloud Computing
416,Marvin Buss,19,mbussbj@goodreads.com,5.7,Intermediate,Big Data Analytics,SIET,Data Science
417,Piper Flanaghan,20,pflanaghanbk@acquirethisname.com,4.6,Beginner,Front end Development,Crescent,Cloud Computing
418,Aurelie McPhelimy,21,amcphelimybl@unblog.fr,7.5,Beginner,Deep Learning,CIT,Web Development
419,Rickie Udie,21,rudiebm@a8.net,5.9,Beginner,SQL,SIET,Data Science
420,Hunt Kindread,18,hkindreadbn@netlog.com,5.5,Beginner,Backend Development,Meenakshi,Cloud Computing
421,Doy Maraga,19,dmaragabo@eventbrite.com,5.6,Beginner,Deep Learning,Meenakshi,Data Science
422,Brina Feeny,21,bfeenybp@addtoany.com,8.1,Intermediate,Front end Development,CIT,Data Science
423,Aharon Puckey,20,apuckeybq@mapy.cz,7.6,Beginner,Deep Learning,SRM,Cloud Computing
424,Simeon Beckensall,21,sbeckensallbr@bloomberg.com,6.3,Beginner,Backend Development,Crescent,Data Science
425,Suzie Yepiskopov,18,syepiskopovbs@bluehost.com,7.9,Advanced,"",SRM,Cloud Computing
426,Hymie Hun,21,hhunbt@thetimes.co.uk,5.0,Beginner,Machine Learning,Meenakshi,Cloud Computing
427,Bernhard Van Merwe,20,bvanbu@hibu.com,8.4,Beginner,Machine Learning,Rajalakshmi,Web Development
428,Johna McClaren,19,jmcclarenbv@vistaprint.com,9.3,Intermediate,"",CIT,Web Development
429,Valeria Waltho,21,vwalthobw@about.me,7.3,Beginner,Machine Learning,Meenakshi,Cloud Computing
430,Magda Syddall,18,msyddallbx@newyorker.com,4.8,Intermediate,"",Meenakshi,Cloud Computing
431,Kristin Wormald,18,kwormaldby@baidu.com,5.9,Intermediate,Deep Learning,SRM,Data Science
432,Tami Margeram,19,tmargerambz@vkontakte.ru,9.5,Advanced,Backend Development,SIET,Cloud Computing
433,Ximenez Wartonby,20,xwartonbyc0@adobe.com,5.7,Beginner,Front end Development,CIT,Web Development
434,Griffin Handforth,19,ghandforthc1@blogtalkradio.com,6.3,Beginner,Deep Learning,Meenakshi,Cloud Computing
435,Amby Rabbatts,18,arabbattsc2@ft.com,7.5,Advanced,Front end Development,SRM,Web Development
436,Merralee Maguire,18,mmaguirec3@fc2.com,4.7,Advanced,Deep Learning,SIET,Data Science
437,Kennie Spafford,19,kspaffordc4@weather.com,9.7,Beginner,Machine Learning,SRM,Cloud Computing
438,Portia Moyce,18,pmoycec5@yolasite.com,7.4,Beginner,SQL,Crescent,Cloud Computing
439,Emmie Hinchshaw,20,ehinchshawc6@webs.com,9.0,Advanced,Backend Development,Crescent,Web Development
440,Nannie McNeilley,21,nmcneilleyc7@cnn.com,4.9,Advanced,AWS,CIT,Web Development
441,Betteanne Tibalt,18,btibaltc8@telegraph.co.uk,6.1,Beginner,Backend Development,Crescent,Data Science
442,Martino O'Siaghail,21,mosiaghailc9@comsenz.com,6.9,Beginner,Front end Development,CIT,Web Development
443,Kelly Jowitt,19,kjowittca@latimes.com,7.3,Intermediate,AWS,CIT,Web Development
444,Beau Bodleigh,20,bbodleighcb@themeforest.net,5.9,Beginner,"",SRM,Cloud Computing
445,Krystle Fancutt,20,kfancuttcc@google.com.br,4.5,Advanced,AWS,Rajalakshmi,Cloud Computing
446,Jakie Bellringer,21,jbellringercd@jigsy.com,6.3,Beginner,AWS,Crescent,Web Development
447,Sonja Anglish,19,sanglishce@google.de,8.9,Beginner,Deep Learning,SRM,Cloud Computing
448,Donnie Heditch,20,dheditchcf@illinois.edu,5.0,Beginner,"",SIET,Web Development
449,Rozele Ciani,20,rcianicg@exblog.jp,8.6,Beginner,AWS,SIET,Data Science
450,Vonni Lautie,18,vlautiech@economist.com,6.2,Beginner,Front end Development,SRM,Data Science
451,Cobb Pillman,18,cpillmanci@liveinternet.ru,8.1,Beginner,AWS,Crescent,Data Science
452,Aguie Pinnell,19,apinnellcj@timesonline.co.uk,9.2,Beginner,Big Data Analytics,SIET,Data Science
453,Emelyne Dawltrey,21,edawltreyck@time.com,8.7,Beginner,AWS,Rajalakshmi,Data Science
454,Riobard Doohan,20,rdoohancl@baidu.com,9.6,Beginner,Deep Learning,SRM,Web Development
455,Abagael Shaplin,19,ashaplincm@odnoklassniki.ru,6.3,Beginner,Backend Development,Meenakshi,Web Development
456,Brigham Daout,19,bdaoutcn@instagram.com,5.8,Beginner,Machine Learning,SRM,Web Development
457,Darrelle Tartt,19,dtarttco@imdb.com,9.0,Advanced,SQL,Meenakshi,Cloud Computing
458,Allegra Pere,18,aperecp@free.fr,9.3,Intermediate,"",Crescent,Web Development
459,Ware Devigne,19,wdevignecq@amazon.co.jp,7.7,Intermediate,Deep Learning,CIT,Cloud Computing
460,Gwenny Bick,20,gbickcr@skyrock.com,4.9,Beginner,Machine Learning,Crescent,Web Development
461,Tanner Wimsett,18,twimsettcs@house.gov,7.0,Beginner,Front end Development,Meenakshi,Data Science
462,Bride Dartnall,20,bdartnallct@technorati.com,7.8,Beginner,Big Data Analytics,Meenakshi,Data Science
463,Elsa Dilworth,19,edilworthcu@cam.ac.uk,8.0,Beginner,Big Data Analytics,CIT,Cloud Computing
464,Joaquin Kinsett,18,jkinsettcv@theatlantic.com,6.1,Beginner,"",SIET,Data Science
465,Micheal Cunniam,18,mcunniamcw@globo.com,5.2,Beginner,Machine Learning,Rajalakshmi,Cloud Computing
466,Broddy Reiglar,20,breiglarcx@4shared.com,10.0,Beginner,AWS,CIT,Data Science
467,Alex Pimm,19,apimmcy@networksolutions.com,9.9,Intermediate,"",CIT,Data Science
468,Annora Canavan,21,acanavancz@plala.or.jp,4.3,Intermediate,SQL,SIET,Web Development
469,Jasen Smolan,19,jsmoland0@friendfeed.com,4.9,Beginner,SQL,Meenakshi,Web Development
470,Alexa Spyvye,21,aspyvyed1@wikimedia.org,7.1,Beginner,AWS,SIET,Web Development
471,Merle McMullen,20,mmcmullend2@microsoft.com,5.7,Beginner,Backend Development,SIET,Cloud Computing
472,Anabella Danaher,18,adanaherd3@telegraph.co.uk,4.9,Intermediate,Big Data Analytics,SIET,Cloud Computing
473,Haleigh Martinet,20,hmartinetd4@google.pl,9.2,Intermediate,Big Data Analytics,Meenakshi,Web Development
474,Tiffy Seamon,20,tseamond5@upenn.edu,5.7,Beginner,SQL,SRM,Data Science
475,Karalynn Abate,19,kabated6@chron.com,8.6,Advanced,Big Data Analytics,CIT,Data Science
476,Merola Bamfield,19,mbamfieldd7@mediafire.com,4.6,Intermediate,Backend Development,SIET,Data Science
477,Avigdor Eisold,20,aeisoldd8@cyberchimps.com,5.2,Intermediate,"",SIET,Cloud Computing
478,Ford Mossdale,20,fmossdaled9@cafepress.com,4.6,Beginner,Deep Learning,SIET,Cloud Computing
479,Janeva Givens,18,jgivensda@census.gov,10.0,Advanced,Front end Development,Meenakshi,Web Development
480,Andromache Saywood,18,asaywooddb@hugedomains.com,5.9,Beginner,"",CIT,Web Development
481,Christiana Enevold,19,cenevolddc@digg.com,8.9,Beginner,"",CIT,Data Science
482,Cyndia Drakes,20,cdrakesdd@japanpost.jp,6.7,Beginner,SQL,Meenakshi,Data Science
483,Charlene Feragh,19,cferaghde@reuters.com,4.1,Intermediate,Front end Development,Rajalakshmi,Data Science
484,Jayme Boyton,19,jboytondf@adobe.com,4.9,Advanced,"",Rajalakshmi,Web Development
485,Sydney Luter,18,sluterdg@furl.net,5.3,Beginner,"",Crescent,Data Science
486,Barris Temperton,19,btempertondh@redcross.org,8.9,Beginner,Machine Learning,SIET,Cloud Computing
487,Elna Arthur,19,earthurdi@ted.com,7.5,Intermediate,Deep Learning,SIET,Web Development
488,Timmie Durn,21,tdurndj@ocn.ne.jp,7.8,Intermediate,Machine Learning,SRM,Cloud Computing
489,Ana Cassey,18,acasseydk@mapy.cz,9.2,Beginner,SQL,CIT,Cloud Computing
490,Elinor Boon,20,eboondl@miitbeian.gov.cn,9.7,Beginner,"",Crescent,Data Science
491,Orel Teresse,21,oteressedm@economist.com,7.4,Beginner,Machine Learning,SIET,Cloud Computing
492,Elizabeth McIlmorie,20,emcilmoriedn@twitpic.com,4.9,Intermediate,SQL,Rajalakshmi,Data Science
493,Gale Virgin,18,gvirgindo@bloomberg.com,5.1,Beginner,Machine Learning,CIT,Web Development
494,Robbyn Ellams,21,rellamsdp@theglobeandmail.com,7.3,Beginner,Machine Learning,SIET,Cloud Computing
495,Aldus Sotworth,21,asotworthdq@trellian.com,4.7,Beginner,Big Data Analytics,Crescent,Data Science
496,Lorelle Mehew,18,lmehewdr@flavors.me,8.3,Beginner,Big Data Analytics,CIT,Data Science
497,Vick Franssen,19,vfranssends@sfgate.com,6.3,Beginner,AWS,Rajalakshmi,Cloud Computing
498,Tatum Lyddy,20,tlyddydt@pcworld.com,9.8,Beginner,Backend Development,Rajalakshmi,Cloud Computing
499,Pauli Baudinet,20,pbaudinetdu@de.vu,6.9,Beginner,Front end Development,Crescent,Data Science
500,Deane Stanworth,21,dstanworthdv@newyorker.com,6.9,Intermediate,Big Data Analytics,Rajalakshmi,Web Development
501,Sharron Kear,21,skeardw@apache.org,6.3,Intermediate,Machine Learning,SRM,Web Development
502,Park Schachter,20,pschachterdx@t-online.de,8.6,Beginner,Backend Development,Crescent,Data Science
503,Carmencita Clemson,21,cclemsondy@zimbio.com,8.5,Advanced,Big Data Analytics,Crescent,Web Development
504,Hulda Morfell,19,hmorfelldz@histats.com,6.6,Beginner,Big Data Analytics,SIET,Data Science
505,Bradley Sharples,18,bsharplese0@answers.com,6.1,Beginner,Deep Learning,Rajalakshmi,Cloud Computing
506,Johann Halfacree,21,jhalfacreee1@printfriendly.com,9.4,Intermediate,Machine Learning,Meenakshi,Data Science
507,Chevy McQuillen,20,cmcquillene2@dropbox.com,7.2,Advanced,"",Rajalakshmi,Data Science
508,Randal Buten,20,rbutene3@ezinearticles.com,6.1,Advanced,Machine Learning,CIT,Cloud Computing
509,Harmon Kornilov,19,hkornilove4@nih.gov,5.6,Beginner,Big Data Analytics,SIET,Cloud Computing
510,Adriaens Beames,21,abeamese5@github.com,4.4,Intermediate,Front end Development,SIET,Web Development
511,Nelie Lippitt,21,nlippitte6@tmall.com,6.9,Beginner,Big Data Analytics,CIT,Web Development
512,Arne Whimp,21,awhimpe7@addtoany.com,7.0,Beginner,Front end Development,SRM,Data Science
513,Parrnell Cotgrove,21,pcotgrovee8@amazon.co.jp,7.4,Beginner,Backend Development,Rajalakshmi,Data Science
514,Emmalynn Matterson,19,emattersone9@house.gov,5.6,Intermediate,Machine Learning,SRM,Cloud Computing
515,Sheree McCallister,21,smccallisterea@prweb.com,6.0,Advanced,"",Crescent,Web Development
516,Lezlie Kilban,19,lkilbaneb@hhs.gov,9.2,Beginner,SQL,SIET,Data Science
517,Vannie Bakeup,20,vbakeupec@harvard.edu,8.6,Beginner,Front end Development,Rajalakshmi,Web Development
518,Westbrook Beaby,18,wbeabyed@senate.gov,9.3,Beginner,Deep Learning,Meenakshi,Data Science
519,Hilde Miller,21,hmilleree@qq.com,5.2,Intermediate,"",SIET,Cloud Computing
520,Burgess Mengue,18,bmengueef@cpanel.net,8.4,Beginner,Front end Development,Crescent,Cloud Computing
521,Bonnibelle Callum,21,bcallumeg@ox.ac.uk,4.3,Beginner,Front end Development,Crescent,Data Science
522,Gretna Radnage,21,gradnageeh@symantec.com,6.0,Beginner,Front end Development,Meenakshi,Cloud Computing
523,Lorianne Joncic,19,ljoncicei@cbslocal.com,5.7,Advanced,Machine Learning,Rajalakshmi,Cloud Computing
524,Renell Gell,21,rgellej@privacy.gov.au,6.9,Beginner,Big Data Analytics,SRM,Data Science
525,Michale Champerlen,19,mchamperlenek@ehow.com,10.0,Beginner,Machine Learning,Meenakshi,Web Development
526,Delainey Sincock,21,dsincockel@nsw.gov.au,8.4,Beginner,"",SRM,Data Science
527,Vinnie Bettenay,20,vbettenayem@wufoo.com,7.8,Intermediate,"",Rajalakshmi,Web Development
528,Alexia Medcalfe,18,amedcalfeen@friendfeed.com,7.7,Intermediate,Big Data Analytics,Meenakshi,Cloud Computing
529,Maxie Edards,21,medardseo@ezinearticles.com,5.6,Beginner,Big Data Analytics,Rajalakshmi,Cloud Computing
530,Phineas Grigoli,20,pgrigoliep@uol.com.br,6.8,Advanced,Backend Development,Meenakshi,Cloud Computing
531,Miller Wickardt,21,mwickardteq@nba.com,5.7,Intermediate,Big Data Analytics,Rajalakshmi,Cloud Computing
532,Byrle Keates,18,bkeateser@dagondesign.com,8.4,Beginner,SQL,SRM,Cloud Computing
533,Harmonia Derr,18,hderres@imdb.com,6.2,Beginner,"",Meenakshi,Data Science
534,Derrek Bonifacio,18,dbonifacioet@mayoclinic.com,6.3,Intermediate,Front end Development,SIET,Cloud Computing
535,Rozalin Weldon,18,rweldoneu@g.co,8.5,Advanced,Machine Learning,Meenakshi,Cloud Computing
536,Cassius Haxley,21,chaxleyev@reuters.com,6.9,Intermediate,Backend Development,SIET,Data Science
537,Clementia Bletso,19,cbletsoew@unc.edu,7.3,Advanced,Big Data Analytics,Crescent,Cloud Computing
538,Emelen Shawell,19,eshawellex@phoca.cz,7.5,Intermediate,AWS,CIT,Cloud Computing
539,Emma Pepin,19,epepiney@privacy.gov.au,7.2,Intermediate,"",SIET,Data Science
540,Laney Doers,21,ldoersez@webnode.com,8.9,Beginner,SQL,CIT,Cloud Computing
541,Mikaela Palfrey,18,mpalfreyf0@msn.com,4.4,Advanced,Front end Development,SRM,Data Science
542,La verne Rowthorne,18,lvernef1@independent.co.uk,7.7,Intermediate,Backend Development,Crescent,Data Science
543,Konrad Gookes,19,kgookesf2@arizona.edu,8.1,Intermediate,AWS,Meenakshi,Web Development
544,Jermaine Urridge,20,jurridgef3@weather.com,8.8,Beginner,Machine Learning,Meenakshi,Web Development
545,Kareem Saggs,19,ksaggsf4@php.net,9.3,Beginner,SQL,Meenakshi,Web Development
546,Giraldo Kubicki,21,gkubickif5@disqus.com,7.9,Intermediate,"",Crescent,Data Science
547,Kelsey Michell,19,kmichellf6@ask.com,4.9,Intermediate,Machine Learning,Meenakshi,Cloud Computing
548,Ruttger Yoakley,18,ryoakleyf7@marketwatch.com,9.4,Beginner,Big Data Analytics,Rajalakshmi,Cloud Computing
549,Hernando Smiz,20,hsmizf8@instagram.com,5.6,Beginner,"",Meenakshi,Web Development
550,Kathye Dungay,18,kdungayf9@people.com.cn,5.6,Beginner,Deep Learning,Crescent,Cloud Computing
551,Amanda Kerbler,20,akerblerfa@booking.com,7.2,Intermediate,SQL,Crescent,Data Science
552,Sibyl Kleinber,19,skleinberfb@imageshack.us,4.2,Beginner,Machine Learning,Crescent,Cloud Computing
553,Teddy Ranking,18,trankingfc@dailymail.co.uk,8.9,Beginner,AWS,Rajalakshmi,Cloud Computing
554,Sol Spark,19,ssparkfd@statcounter.com,8.9,Beginner,Machine Learning,Rajalakshmi,Data Science
555,Dinah Antosik,21,dantosikfe@mozilla.org,7.9,Advanced,"",Meenakshi,Web Development
556,Enrico Corp,21,ecorpff@cnbc.com,6.8,Advanced,Deep Learning,Crescent,Data Science
557,Elisabet Novichenko,21,enovichenkofg@github.com,7.5,Beginner,SQL,SRM,Data Science
558,Bernette Whyberd,18,bwhyberdfh@biblegateway.com,5.6,Beginner,"",Meenakshi,Cloud Computing
559,Alwyn Pie,21,apiefi@senate.gov,9.3,Beginner,Machine Learning,Rajalakshmi,Web Development
560,Rockie Wildgoose,18,rwildgoosefj@reuters.com,4.1,Intermediate,AWS,SIET,Web Development
561,Gilbert Grishmanov,18,ggrishmanovfk@sitemeter.com,5.8,Beginner,Front end Development,Crescent,Data Science
562,Donetta Frake,18,dfrakefl@apache.org,5.1,Beginner,SQL,Crescent,Cloud Computing
563,Isiahi Summers,19,isummersfm@domainmarket.com,7.0,Intermediate,Front end Development,Rajalakshmi,Web Development
564,Jenelle Anglin,21,janglinfn@desdev.cn,8.6,Beginner,Backend Development,SIET,Web Development
565,Kaitlynn Mooreed,21,kmooreedfo@addtoany.com,5.4,Advanced,Front end Development,Meenakshi,Cloud Computing
566,Wallis Meeks,20,wmeeksfp@sohu.com,4.6,Intermediate,Big Data Analytics,Rajalakshmi,Web Development
567,Jaclyn Rouch,18,jrouchfq@loc.gov,5.1,Beginner,SQL,SIET,Data Science
568,Astra McCauley,20,amccauleyfr@wikia.com,4.5,Intermediate,Machine Learning,Meenakshi,Data Science
569,Bordie O' Donohoe,21,bofs@netvibes.com,5.8,Beginner,Big Data Analytics,SRM,Cloud Computing
570,Germain Hagstone,18,ghagstoneft@domainmarket.com,6.6,Beginner,Big Data Analytics,Rajalakshmi,Web Development
571,Fielding Raisbeck,19,fraisbeckfu@washingtonpost.com,8.0,Advanced,Big Data Analytics,Meenakshi,Data Science
572,Christiano Sidle,21,csidlefv@studiopress.com,7.5,Intermediate,SQL,Crescent,Data Science
573,Malena Hurrell,19,mhurrellfw@jiathis.com,9.6,Beginner,AWS,SRM,Cloud Computing
574,Lonni Ciobutaru,20,lciobutarufx@mayoclinic.com,5.8,Beginner,Front end Development,CIT,Cloud Computing
575,Goldy Rawsen,21,grawsenfy@gnu.org,4.1,Beginner,Deep Learning,CIT,Cloud Computing
576,Janela Skerritt,18,jskerrittfz@jugem.jp,6.1,Beginner,Machine Learning,Crescent,Web Development
577,Brianna Jenney,18,bjenneyg0@freewebs.com,9.0,Beginner,SQL,Crescent,Cloud Computing
578,Gerrard Annable,20,gannableg1@youtube.com,5.2,Beginner,Backend Development,SIET,Cloud Computing
579,Wilden Marlin,20,wmarling2@blinklist.com,5.0,Beginner,SQL,SIET,Cloud Computing
580,Clerkclaude Cruttenden,21,ccruttendeng3@zdnet.com,7.1,Beginner,Deep Learning,SRM,Data Science
581,Anderson Gowans,19,agowansg4@salon.com,4.2,Beginner,AWS,Meenakshi,Data Science
582,Maximo Hamshaw,20,mhamshawg5@netscape.com,5.0,Beginner,SQL,Rajalakshmi,Data Science
583,Karyl Faulds,20,kfauldsg6@yolasite.com,9.3,Intermediate,Backend Development,Meenakshi,Cloud Computing
584,Clementius Haddleston,19,chaddlestong7@vkontakte.ru,7.6,Beginner,Machine Learning,SIET,Data Science
585,Dulci Akehurst,18,dakehurstg8@google.es,7.2,Beginner,Big Data Analytics,CIT,Data Science
586,Olly Balston,18,obalstong9@devhub.com,5.0,Advanced,Front end Development,Meenakshi,Data Science
587,Anthony Saddler,19,asaddlerga@unicef.org,6.9,Intermediate,"",SRM,Web Development
588,Noni Ilyasov,21,nilyasovgb@theatlantic.com,4.3,Beginner,Deep Learning,Rajalakshmi,Cloud Computing
589,Myrtice Carville,21,mcarvillegc@ox.ac.uk,4.8,Beginner,Front end Development,CIT,Cloud Computing
590,Dorree Aves,20,davesgd@prlog.org,8.6,Advanced,"",CIT,Web Development
591,Imelda Doull,18,idoullge@imdb.com,4.6,Beginner,Front end Development,CIT,Data Science
592,Larry Fleischmann,21,lfleischmanngf@whitehouse.gov,8.8,Intermediate,Machine Learning,SRM,Cloud Computing
593,Egon Gulleford,18,egullefordgg@msn.com,7.4,Beginner,AWS,Crescent,Data Science
594,Dunc Mc Giffin,21,dmcgh@wordpress.com,9.2,Beginner,Big Data Analytics,SRM,Cloud Computing
595,Raina Crippill,20,rcrippillgi@marketwatch.com,8.6,Beginner,Big Data Analytics,Rajalakshmi,Data Science
596,Kari Carik,19,kcarikgj@usa.gov,8.9,Intermediate,Backend Development,Meenakshi,Cloud Computing
597,Wren Kleisel,20,wkleiselgk@weather.com,8.7,Beginner,SQL,SIET,Data Science
598,Eolande Niche,18,enichegl@microsoft.com,4.1,Advanced,Machine Learning,Meenakshi,Data Science
599,Lovell Beacock,19,lbeacockgm@furl.net,7.7,Beginner,Backend Development,Crescent,Web Development
600,Agnes Kincey,21,akinceygn@cargocollective.com,9.8,Beginner,Deep Learning,Crescent,Web Development
601,Basilio Rentelll,19,brentelllgo@google.co.jp,7.7,Intermediate,Backend Development,Meenakshi,Data Science
602,Milton Oppery,20,mopperygp@si.edu,4.2,Beginner,AWS,SIET,Data Science
603,Reube Dmitrievski,19,rdmitrievskigq@ustream.tv,8.5,Beginner,Deep Learning,Meenakshi,Cloud Computing
604,Ross Sieb,19,rsiebgr@cnn.com,9.3,Beginner,Machine Learning,Rajalakshmi,Cloud Computing
605,Mariette Kernocke,21,mkernockegs@pcworld.com,6.6,Beginner,AWS,SIET,Data Science
606,Ekaterina Thaw,21,ethawgt@accuweather.com,6.8,Beginner,Front end Development,Crescent,Web Development
607,Matthias Seago,19,mseagogu@yahoo.com,5.5,Beginner,Front end Development,SRM,Cloud Computing
608,Cosette Giffon,20,cgiffongv@ezinearticles.com,4.4,Intermediate,"",Crescent,Web Development
609,Gina Samson,21,gsamsongw@gmpg.org,4.9,Advanced,Front end Development,SIET,Data Science
610,Des Affron,18,daffrongx@samsung.com,5.1,Beginner,AWS,SIET,Data Science
611,Miranda Ayllett,19,mayllettgy@bloglines.com,8.5,Beginner,Big Data Analytics,Rajalakshmi,Web Development
612,Zechariah Boffey,19,zboffeygz@springer.com,9.9,Intermediate,AWS,SRM,Data Science
613,Alana Sikorski,21,asikorskih0@prlog.org,6.2,Beginner,Front end Development,Rajalakshmi,Web Development
614,Konrad Bullerwell,19,kbullerwellh1@fema.gov,6.5,Beginner,"",SRM,Web Development
615,Fergus McCuish,21,fmccuishh2@clickbank.net,9.8,Advanced,SQL,SRM,Cloud Computing
616,Tabor Danzey,19,tdanzeyh3@nasa.gov,4.7,Beginner,"",SRM,Data Science
617,Wyn Woolcocks,19,wwoolcocksh4@who.int,9.9,Advanced,AWS,SRM,Web Development
618,Dulcinea Dye,20,ddyeh5@statcounter.com,8.2,Intermediate,Front end Development,CIT,Cloud Computing
619,Gino Comazzo,21,gcomazzoh6@tinypic.com,5.6,Beginner,Front end Development,SRM,Data Science
620,Mariska Bianco,18,mbiancoh7@parallels.com,7.1,Beginner,Backend Development,Rajalakshmi,Web Development
621,Lucho Butt Gow,19,lbutth8@spiegel.de,6.5,Intermediate,Deep Learning,Crescent,Cloud Computing
622,Cally Dearth,18,cdearthh9@who.int,4.4,Advanced,Deep Learning,CIT,Cloud Computing
623,Scott Hawler,18,shawlerha@feedburner.com,8.4,Beginner,Backend Development,Crescent,Cloud Computing
624,Myra Wharram,20,mwharramhb@sciencedaily.com,7.8,Advanced,Machine Learning,SIET,Cloud Computing
625,Wolfie Farrell,18,wfarrellhc@wordpress.com,6.2,Beginner,SQL,Meenakshi,Web Development
626,Rodge Botterman,19,rbottermanhd@imdb.com,4.2,Beginner,Big Data Analytics,SRM,Web Development
627,Ronny Doxsey,21,rdoxseyhe@seesaa.net,8.8,Beginner,SQL,Crescent,Data Science
628,Humfrey Kegan,18,hkeganhf@geocities.jp,4.7,Intermediate,AWS,Rajalakshmi,Cloud Computing
629,Laura Boig,18,lboighg@last.fm,5.8,Intermediate,Big Data Analytics,SRM,Cloud Computing
630,Tripp Dillon,20,tdillonhh@discovery.com,5.7,Beginner,Backend Development,SRM,Cloud Computing
631,Selinda Gerritsma,21,sgerritsmahi@naver.com,4.5,Beginner,"",Meenakshi,Cloud Computing
632,Tris McGennis,18,tmcgennishj@123-reg.co.uk,6.7,Intermediate,"",Rajalakshmi,Web Development
633,Addi Deer,19,adeerhk@jalbum.net,4.8,Beginner,AWS,Meenakshi,Data Science
634,Pepita Grimmolby,20,pgrimmolbyhl@tumblr.com,8.9,Intermediate,Front end Development,SRM,Data Science
635,Kermy Vineall,18,kvineallhm@google.nl,10.0,Beginner,AWS,SIET,Cloud Computing
636,Elaina Lauret,21,elaurethn@sun.com,7.3,Advanced,Backend Development,Meenakshi,Web Development
637,Magdaia Jellyman,20,mjellymanho@chron.com,8.0,Beginner,Machine Learning,SRM,Cloud Computing
638,Lou Kenward,19,lkenwardhp@sitemeter.com,4.5,Beginner,AWS,Crescent,Cloud Computing
639,Lennie Renison,18,lrenisonhq@simplemachines.org,9.2,Beginner,AWS,SRM,Web Development
640,Danica Clinnick,18,dclinnickhr@ucoz.ru,4.7,Beginner,AWS,CIT,Cloud Computing
641,Idette Zelley,20,izelleyhs@mac.com,6.8,Intermediate,Backend Development,CIT,Data Science
642,Dominica Sickert,20,dsickertht@omniture.com,5.6,Beginner,"",CIT,Data Science
643,Elle Jays,18,ejayshu@google.co.jp,9.0,Beginner,Backend Development,Rajalakshmi,Data Science
644,Cly Ivashev,19,civashevhv@newyorker.com,4.6,Beginner,AWS,Crescent,Cloud Computing
645,Buddie Ilyuchyov,18,bilyuchyovhw@geocities.jp,7.7,Beginner,Machine Learning,CIT,Web Development
646,Sibbie Bramah,19,sbramahhx@loc.gov,4.9,Advanced,Front end Development,SRM,Cloud Computing
647,Shellysheldon Seres,21,ssereshy@wsj.com,8.4,Advanced,Big Data Analytics,Meenakshi,Cloud Computing
648,Rachael Chatain,20,rchatainhz@angelfire.com,5.7,Beginner,Machine Learning,Crescent,Cloud Computing
649,Agace Glitherow,21,aglitherowi0@army.mil,7.8,Advanced,Deep Learning,Crescent,Data Science
650,Garner Parsons,18,gparsonsi1@forbes.com,6.9,Beginner,Front end Development,Rajalakshmi,Web Development
651,Celeste McColley,21,cmccolleyi2@examiner.com,4.6,Beginner,Big Data Analytics,CIT,Cloud Computing
652,Danita Skett,19,dsketti3@canalblog.com,8.1,Advanced,AWS,CIT,Data Science
653,Janaye Skowcraft,19,jskowcrafti4@macromedia.com,4.3,Beginner,Deep Learning,Meenakshi,Cloud Computing
654,Johannes Bernardoni,18,jbernardonii5@wiley.com,9.1,Beginner,AWS,Crescent,Web Development
655,Merla Hulcoop,19,mhulcoopi6@nhs.uk,8.6,Beginner,Backend Development,Meenakshi,Data Science
656,Esta Isacsson,21,eisacssoni7@hhs.gov,6.5,Beginner,AWS,Meenakshi,Web Development
657,Anson Reynoollds,21,areynoolldsi8@sphinn.com,5.4,Beginner,Big Data Analytics,SIET,Cloud Computing
658,Adrienne Parysiak,18,aparysiaki9@tamu.edu,9.4,Intermediate,SQL,CIT,Cloud Computing
659,Dorothy Wooddisse,19,dwooddisseia@typepad.com,5.4,Beginner,Backend Development,SRM,Data Science
660,Fionnula Bools,20,fboolsib@blinklist.com,9.1,Intermediate,Big Data Analytics,SRM,Data Science
661,Aron Johnke,21,ajohnkeic@pagesperso-orange.fr,9.6,Intermediate,Front end Development,SRM,Web Development
662,Giacinta Churchlow,18,gchurchlowid@ft.com,8.5,Intermediate,Front end Development,SIET,Web Development
663,Grayce Giercke,21,ggierckeie@npr.org,5.3,Beginner,Front end Development,Meenakshi,Data Science
664,Bret Ruckert,19,bruckertif@mozilla.org,7.7,Intermediate,Backend Development,Crescent,Cloud Computing
665,Row Meacher,20,rmeacherig@usda.gov,5.3,Advanced,Big Data Analytics,SRM,Web Development
666,Jazmin Gounet,20,jgounetih@berkeley.edu,7.9,Intermediate,Big Data Analytics,SIET,Data Science
667,Cecilio Dinsell,19,cdinsellii@weibo.com,8.1,Beginner,Big Data Analytics,Rajalakshmi,Web Development
668,Lorry Bere,18,lbereij@yellowbook.com,6.8,Beginner,Front end Development,Crescent,Data Science
669,Denise Rickasse,20,drickasseik@pcworld.com,9.6,Beginner,Deep Learning,SIET,Cloud Computing
670,Jennette Rouzet,21,jrouzetil@abc.net.au,6.8,Beginner,AWS,Rajalakshmi,Cloud Computing
671,Collen Jenman,19,cjenmanim@opensource.org,8.5,Beginner,AWS,Meenakshi,Data Science
672,Joby Schroter,20,jschroterin@fc2.com,6.1,Beginner,Big Data Analytics,SIET,Data Science
673,Cooper Doey,19,cdoeyio@friendfeed.com,6.2,Beginner,Backend Development,CIT,Web Development
674,Phillipe Kilbourne,19,pkilbourneip@google.es,8.0,Beginner,SQL,Rajalakshmi,Data Science
675,Else Millson,21,emillsoniq@blog.com,9.8,Intermediate,SQL,Meenakshi,Web Development
676,Charlena Leefe,18,cleefeir@cam.ac.uk,4.2,Beginner,AWS,Meenakshi,Web Development
677,Delinda Jeacop,19,djeacopis@psu.edu,6.5,Beginner,AWS,Meenakshi,Data Science
678,Catharine Geldeard,20,cgeldeardit@tiny.cc,4.0,Beginner,Deep Learning,SRM,Data Science
679,Dona Wharrier,18,dwharrieriu@mozilla.org,9.6,Beginner,Deep Learning,SRM,Data Science
680,Tristam Fancutt,19,tfancuttiv@blogs.com,5.2,Beginner,Backend Development,CIT,Data Science
681,Teodoor Frayling,18,tfraylingiw@networksolutions.com,9.0,Beginner,Backend Development,Rajalakshmi,Data Science
682,Jennette Brashier,21,jbrashierix@typepad.com,7.7,Beginner,Big Data Analytics,Meenakshi,Cloud Computing
683,Andy Trippick,21,atrippickiy@chron.com,4.2,Beginner,"",Crescent,Data Science
684,Veriee Bedell,20,vbedelliz@cargocollective.com,5.1,Beginner,AWS,SRM,Data Science
685,Terrell Tooting,18,ttootingj0@economist.com,8.2,Intermediate,Front end Development,CIT,Web Development
686,Christos Duffie,19,cduffiej1@paypal.com,6.9,Beginner,Front end Development,Crescent,Data Science
687,Joane Listone,21,jlistonej2@ocn.ne.jp,7.0,Beginner,"",SRM,Web Development
688,Mirabel Le Conte,21,mlej3@home.pl,7.6,Intermediate,Big Data Analytics,Meenakshi,Web Development
689,Kippie Poles,20,kpolesj4@meetup.com,6.7,Advanced,AWS,SRM,Cloud Computing
690,Thea Edrich,21,tedrichj5@e-recht24.de,9.7,Intermediate,AWS,SRM,Cloud Computing
691,Jack Kelshaw,21,jkelshawj6@360.cn,4.7,Intermediate,Big Data Analytics,SRM,Cloud Computing
692,Millie Ludford,18,mludfordj7@icq.com,8.3,Beginner,AWS,Meenakshi,Cloud Computing
693,Rosalia Shackel,21,rshackelj8@chicagotribune.com,9.4,Intermediate,Deep Learning,Crescent,Cloud Computing
694,Nikolos Redhead,21,nredheadj9@51.la,4.2,Intermediate,Machine Learning,Crescent,Data Science
695,Antonietta Kingswood,21,akingswoodja@merriam-webster.com,4.3,Beginner,SQL,CIT,Web Development
696,Giulio Greenhead,18,ggreenheadjb@cpanel.net,8.2,Beginner,Deep Learning,Crescent,Data Science
697,Maxie Taggett,20,mtaggettjc@instagram.com,7.0,Beginner,Deep Learning,Meenakshi,Cloud Computing
698,Erhard Quade,18,equadejd@epa.gov,6.7,Intermediate,Big Data Analytics,CIT,Data Science
699,Hunfredo Zammitt,19,hzammittje@opensource.org,7.1,Beginner,Front end Development,Rajalakshmi,Web Development
700,Ivette Housegoe,18,ihousegoejf@icio.us,7.5,Beginner,Big Data Analytics,Rajalakshmi,Cloud Computing
701,Chevy Chalkly,19,cchalklyjg@weebly.com,5.6,Beginner,Backend Development,Rajalakshmi,Web Development
702,Barris Sotworth,20,bsotworthjh@census.gov,5.9,Beginner,Front end Development,SRM,Data Science
703,Carolyne Thirst,21,cthirstji@shutterfly.com,4.9,Advanced,"",Rajalakshmi,Web Development
704,Mag Lyptrade,19,mlyptradejj@artisteer.com,7.0,Intermediate,"",Rajalakshmi,Web Development
705,Gratia Maciejewski,21,gmaciejewskijk@unesco.org,9.6,Beginner,"",Meenakshi,Cloud Computing
706,Alan Barfford,20,abarffordjl@sogou.com,6.1,Beginner,SQL,Crescent,Data Science
707,Juanita Girod,18,jgirodjm@gov.uk,7.0,Beginner,Front end Development,Rajalakshmi,Web Development
708,Grover Sambals,21,gsambalsjn@51.la,5.1,Beginner,Deep Learning,Rajalakshmi,Cloud Computing
709,Karina Mossbee,19,kmossbeejo@google.cn,9.8,Beginner,Front end Development,Meenakshi,Web Development
710,Lauri Duckworth,21,lduckworthjp@chronoengine.com,9.8,Advanced,AWS,Crescent,Data Science
711,Glennis Steers,20,gsteersjq@seesaa.net,8.7,Intermediate,SQL,SIET,Cloud Computing
712,Giles Gallemore,21,ggallemorejr@issuu.com,9.2,Intermediate,Deep Learning,SRM,Data Science
713,Bibbye La Batie,19,blajs@ask.com,7.6,Beginner,Backend Development,Crescent,Cloud Computing
714,Dag Dawdry,21,ddawdryjt@altervista.org,4.7,Beginner,"",Rajalakshmi,Web Development
715,Liane Van Halle,19,lvanju@domainmarket.com,8.5,Intermediate,Front end Development,CIT,Web Development
716,Obed Pales,18,opalesjv@go.com,7.7,Intermediate,Front end Development,SRM,Web Development
717,Noelani Reiach,18,nreiachjw@bbc.co.uk,8.1,Intermediate,Front end Development,Rajalakshmi,Data Science
718,Noe Chesshyre,20,nchesshyrejx@google.nl,9.9,Beginner,SQL,SIET,Data Science
719,Jeannette Livesey,20,jliveseyjy@google.com.br,8.3,Advanced,Front end Development,Crescent,Cloud Computing
720,Kelcy Trineman,21,ktrinemanjz@salon.com,6.6,Intermediate,Backend Development,Rajalakshmi,Data Science
721,Ellwood Akett,19,eakettk0@cocolog-nifty.com,5.2,Beginner,"",Crescent,Data Science
722,Bernadene Colqueran,18,bcolquerank1@tiny.cc,4.2,Beginner,SQL,CIT,Web Development
723,Zorana Hacking,21,zhackingk2@deviantart.com,5.9,Beginner,SQL,SRM,Web Development
724,Coralyn Kmietsch,18,ckmietschk3@uol.com.br,4.6,Beginner,"",SIET,Data Science
725,Byran Marmion,20,bmarmionk4@google.com,4.5,Beginner,AWS,Crescent,Data Science
726,Rock Scoone,20,rscoonek5@census.gov,9.9,Beginner,Machine Learning,SRM,Web Development
727,Jaymee Gaye,19,jgayek6@discuz.net,8.8,Beginner,Big Data Analytics,Rajalakshmi,Web Development
728,Drew Fessler,20,dfesslerk7@sourceforge.net,9.6,Beginner,Front end Development,Meenakshi,Web Development
729,Izaak Petto,21,ipettok8@gravatar.com,5.7,Beginner,SQL,Meenakshi,Web Development
730,Kay Coopman,19,kcoopmank9@netvibes.com,7.9,Intermediate,Big Data Analytics,Rajalakshmi,Cloud Computing
731,Winnie Hundley,18,whundleyka@about.me,5.9,Intermediate,AWS,Meenakshi,Data Science
732,Forster Phonix,19,fphonixkb@time.com,6.6,Intermediate,AWS,SRM,Data Science
733,Noak Gligori,21,ngligorikc@fda.gov,6.9,Beginner,Front end Development,Crescent,Web Development
734,Welsh Vigne,19,wvignekd@home.pl,7.8,Intermediate,Front end Development,CIT,Web Development
735,Aarika Dyhouse,18,adyhouseke@examiner.com,4.2,Intermediate,Machine Learning,SRM,Cloud Computing
736,Devlen Bridgwater,19,dbridgwaterkf@devhub.com,8.0,Advanced,"",SIET,Cloud Computing
737,Cly Appleby,19,capplebykg@illinois.edu,9.7,Beginner,AWS,SRM,Data Science
738,Timmi Stidson,21,tstidsonkh@e-recht24.de,4.3,Intermediate,Backend Development,SIET,Data Science
739,Onfre Aleavy,21,oaleavyki@livejournal.com,10.0,Beginner,Front end Development,Crescent,Web Development
740,Lavina Broomfield,18,lbroomfieldkj@berkeley.edu,6.1,Beginner,Front end Development,Crescent,Cloud Computing
741,Lindsay Biasio,18,lbiasiokk@wunderground.com,8.8,Beginner,Machine Learning,Meenakshi,Web Development
742,Grantham Vanini,18,gvaninikl@shop-pro.jp,4.6,Intermediate,Machine Learning,CIT,Cloud Computing
743,Dave Wickwarth,19,dwickwarthkm@imgur.com,4.9,Beginner,Backend Development,Meenakshi,Cloud Computing
744,Ivie Deppe,19,ideppekn@etsy.com,5.3,Beginner,Backend Development,Rajalakshmi,Data Science
745,Kellyann Ochterlonie,20,kochterlonieko@usatoday.com,6.9,Advanced,Backend Development,CIT,Data Science
746,Franciska Schust,18,fschustkp@deviantart.com,7.2,Beginner,Deep Learning,CIT,Cloud Computing
747,Samantha Jelf,21,sjelfkq@wikispaces.com,7.6,Advanced,SQL,Crescent,Data Science
748,Durante Orthmann,18,dorthmannkr@answers.com,9.1,Beginner,Machine Learning,CIT,Web Development
749,Stearn Izkovici,20,sizkoviciks@domainmarket.com,7.1,Beginner,"",SIET,Cloud Computing
750,Wenda Wrenn,18,wwrennkt@salon.com,5.7,Beginner,AWS,SIET,Web Development
751,Adele Leggett,20,aleggettku@macromedia.com,8.3,Beginner,Front end Development,SRM,Cloud Computing
752,Lettie Chooter,18,lchooterkv@biblegateway.com,9.3,Beginner,SQL,Meenakshi,Cloud Computing
753,Amye Favill,19,afavillkw@columbia.edu,8.8,Advanced,"",Crescent,Web Development
754,Drusilla Eard,21,deardkx@yandex.ru,9.5,Intermediate,Machine Learning,CIT,Cloud Computing
755,Shannon Bein,19,sbeinky@mozilla.org,8.8,Beginner,Backend Development,Crescent,Cloud Computing
756,Lind Monget,20,lmongetkz@taobao.com,5.6,Beginner,Machine Learning,CIT,Cloud Computing
757,Dinah Hedylstone,18,dhedylstonel0@blog.com,8.9,Beginner,Backend Development,SRM,Cloud Computing
758,Liane Coyish,20,lcoyishl1@bloomberg.com,9.2,Beginner,Backend Development,SIET,Web Development
759,Vicky Schankel,19,vschankell2@drupal.org,8.5,Beginner,Deep Learning,Meenakshi,Data Science
760,Enoch Welbeck,20,ewelbeckl3@va.gov,6.9,Beginner,Front end Development,CIT,Cloud Computing
761,Nelia Drover,19,ndroverl4@elpais.com,7.7,Beginner,SQL,Crescent,Web Development
762,Marthena Ingarfield,18,mingarfieldl5@elegantthemes.com,6.5,Advanced,Deep Learning,Meenakshi,Data Science
763,Harriette Tradewell,19,htradewelll6@imageshack.us,5.0,Beginner,Deep Learning,Meenakshi,Web Development
764,Wait Farnell,20,wfarnelll7@psu.edu,5.3,Intermediate,Machine Learning,Rajalakshmi,Cloud Computing
765,Hewett Duling,21,hdulingl8@dagondesign.com,6.6,Beginner,AWS,CIT,Cloud Computing
766,Karlik Payze,20,kpayzel9@eventbrite.com,9.7,Beginner,Front end Development,SIET,Cloud Computing
767,Hersch Brownjohn,18,hbrownjohnla@home.pl,6.0,Beginner,Backend Development,SIET,Web Development
768,Netti Redit,18,nreditlb@nifty.com,8.3,Intermediate,Machine Learning,SRM,Cloud Computing
769,Lucia Ramlot,19,lramlotlc@nhs.uk,5.0,Beginner,Deep Learning,SIET,Web Development
770,Hamil Pinks,21,hpinksld@de.vu,9.9,Beginner,SQL,Meenakshi,Data Science
771,Rona Brayne,18,rbraynele@disqus.com,7.0,Beginner,Big Data Analytics,Crescent,Web Development
772,Lorita Leijs,21,lleijslf@wunderground.com,9.6,Advanced,Deep Learning,SIET,Data Science
773,Dotty Lissandrini,20,dlissandrinilg@engadget.com,9.7,Beginner,SQL,SRM,Web Development
774,Jodee Powrie,20,jpowrielh@tiny.cc,5.1,Beginner,AWS,CIT,Data Science
775,Ericka Trembley,20,etrembleyli@elegantthemes.com,5.4,Intermediate,SQL,SRM,Web Development
776,Loydie Averies,19,laverieslj@naver.com,5.0,Intermediate,SQL,Crescent,Data Science
777,Genna Durston,21,gdurstonlk@walmart.com,7.7,Beginner,AWS,Meenakshi,Web Development
778,Harmonia Gerb,20,hgerbll@360.cn,5.8,Beginner,Machine Learning,Crescent,Cloud Computing
779,Zaccaria Goold,20,zgooldlm@jigsy.com,8.5,Intermediate,SQL,Meenakshi,Data Science
780,Christy Cottey,18,ccotteyln@alexa.com,4.7,Advanced,Machine Learning,CIT,Cloud Computing
781,Berthe Robrose,18,brobroselo@geocities.com,7.8,Advanced,Big Data Analytics,CIT,Cloud Computing
782,Johnny Grishechkin,18,jgrishechkinlp@123-reg.co.uk,5.9,Advanced,"",Meenakshi,Web Development
783,Abram Seide,21,aseidelq@deviantart.com,4.7,Beginner,"",CIT,Web Development
784,Daria Moncreiff,18,dmoncreifflr@nydailynews.com,8.3,Beginner,Deep Learning,Rajalakshmi,Data Science
785,Shoshanna Summerbell,20,ssummerbellls@example.com,7.7,Beginner,Big Data Analytics,Crescent,Data Science
786,Christyna Codlin,19,ccodlinlt@psu.edu,8.8,Beginner,SQL,SIET,Cloud Computing
787,Zorah Pinckard,18,zpinckardlu@guardian.co.uk,8.2,Beginner,AWS,Rajalakshmi,Web Development
788,Rochella Hubane,21,rhubanelv@youtu.be,4.5,Intermediate,AWS,Crescent,Web Development
789,Costa Wissby,21,cwissbylw@hao123.com,7.1,Beginner,Backend Development,SIET,Web Development
790,Ellwood D'Ambrogi,19,edambrogilx@huffingtonpost.com,5.1,Intermediate,SQL,SIET,Data Science
791,Gregg Toovey,18,gtooveyly@addthis.com,7.3,Beginner,Backend Development,Crescent,Web Development
792,Gaye Kneeshaw,18,gkneeshawlz@icio.us,8.0,Beginner,Big Data Analytics,Crescent,Web Development
793,Ellery Melby,21,emelbym0@gravatar.com,8.7,Beginner,Deep Learning,Rajalakshmi,Web Development
794,Kettie Stormont,18,kstormontm1@nature.com,4.8,Intermediate,SQL,SRM,Web Development
795,Norrie Kures,18,nkuresm2@timesonline.co.uk,6.0,Beginner,Backend Development,Meenakshi,Cloud Computing
796,Ambrosius Matteini,19,amatteinim3@google.com.hk,8.8,Intermediate,"",Crescent,Data Science
797,Modesty Burker,18,mburkerm4@ezinearticles.com,9.9,Intermediate,Deep Learning,SRM,Data Science
798,Adella Archambault,18,aarchambaultm5@gizmodo.com,5.2,Advanced,Machine Learning,Meenakshi,Data Science
799,Maitilde Riche,20,mrichem6@jiathis.com,8.7,Beginner,Backend Development,CIT,Web Development
800,Claudine Sainte Paul,21,csaintem7@domainmarket.com,6.5,Intermediate,Front end Development,Meenakshi,Data Science
801,Webb Kinze,19,wkinzem8@hexun.com,4.5,Beginner,"",Rajalakshmi,Web Development
802,Simeon Boot,20,sbootm9@hibu.com,6.8,Intermediate,Deep Learning,Meenakshi,Cloud Computing
803,Michaeline Echalier,19,mechalierma@tiny.cc,9.6,Beginner,Machine Learning,SRM,Web Development
804,Rhys Sketh,20,rskethmb@vkontakte.ru,9.6,Beginner,Deep Learning,Rajalakshmi,Web Development
805,Sterling Bimson,19,sbimsonmc@sogou.com,5.3,Intermediate,Backend Development,Crescent,Data Science
806,Eal Summons,19,esummonsmd@amazonaws.com,9.6,Beginner,Backend Development,CIT,Data Science
807,Sharline Pearce,21,spearceme@e-recht24.de,7.7,Intermediate,SQL,CIT,Web Development
808,Riki Ellcock,21,rellcockmf@bravesites.com,5.9,Beginner,Front end Development,Rajalakshmi,Web Development
809,Chance Buttle,20,cbuttlemg@phoca.cz,6.7,Advanced,Backend Development,Crescent,Data Science
810,Johanna Freebury,20,jfreeburymh@networkadvertising.org,4.1,Beginner,Backend Development,SIET,Cloud Computing
811,Robbert Boyes,21,rboyesmi@accuweather.com,7.2,Intermediate,Front end Development,SIET,Web Development
812,Sandy Beushaw,20,sbeushawmj@rediff.com,8.7,Advanced,"",Meenakshi,Web Development
813,Raeann Brockway,19,rbrockwaymk@nhs.uk,9.0,Beginner,Machine Learning,SIET,Web Development
814,Nike Pugh,18,npughml@nba.com,4.3,Beginner,Deep Learning,SIET,Cloud Computing
815,Celene Rutland,19,crutlandmm@360.cn,9.1,Advanced,"",SRM,Data Science
816,Ruben Schulken,19,rschulkenmn@51.la,5.6,Beginner,"",Meenakshi,Web Development
817,Amberly Kestin,20,akestinmo@tmall.com,5.8,Beginner,AWS,Rajalakshmi,Web Development
818,Jordanna Davitti,21,jdavittimp@bbc.co.uk,9.9,Beginner,AWS,CIT,Web Development
819,Galina Franceschielli,19,gfranceschiellimq@paypal.com,9.7,Intermediate,"",Rajalakshmi,Web Development
820,Georgena Culross,20,gculrossmr@discovery.com,6.7,Beginner,SQL,CIT,Cloud Computing
821,Anstice Kidston,19,akidstonms@yandex.ru,4.7,Advanced,Backend Development,SIET,Web Development
822,Shaylyn Itzkowicz,20,sitzkowiczmt@nhs.uk,5.6,Beginner,AWS,Rajalakshmi,Web Development
823,Piggy Chisnell,20,pchisnellmu@edublogs.org,5.4,Intermediate,Deep Learning,SIET,Data Science
824,Kissie Guiet,19,kguietmv@fc2.com,6.0,Intermediate,Big Data Analytics,SIET,Cloud Computing
825,Jock Buckeridge,19,jbuckeridgemw@sbwire.com,7.2,Beginner,SQL,SIET,Web Development
826,Horst Albutt,18,halbuttmx@furl.net,6.5,Beginner,Big Data Analytics,Crescent,Cloud Computing
827,Annabelle Ede,18,aedemy@moonfruit.com,7.9,Advanced,SQL,SRM,Web Development
828,Orrin Reyner,19,oreynermz@ow.ly,7.5,Beginner,Machine Learning,Meenakshi,Web Development
829,Codi Wanklyn,19,cwanklynn0@istockphoto.com,7.7,Beginner,AWS,Rajalakshmi,Data Science
830,Ashby Conway,19,aconwayn1@wufoo.com,8.4,Beginner,Deep Learning,Meenakshi,Data Science
831,Rachel Billborough,19,rbillboroughn2@pen.io,6.1,Intermediate,Front end Development,Meenakshi,Web Development
832,Harold Baignard,18,hbaignardn3@google.it,4.4,Intermediate,AWS,Crescent,Web Development
833,Wilbur Elener,20,welenern4@mayoclinic.com,6.7,Intermediate,"",CIT,Cloud Computing
834,Darrell Perulli,19,dperullin5@sfgate.com,8.7,Beginner,Machine Learning,CIT,Cloud Computing
835,Granny Willerton,18,gwillertonn6@noaa.gov,8.0,Beginner,"",Rajalakshmi,Web Development
836,Maryl Niblett,21,mniblettn7@amazon.co.jp,9.4,Intermediate,SQL,CIT,Cloud Computing
837,Silvie Saffe,19,ssaffen8@ow.ly,8.3,Intermediate,"",Meenakshi,Cloud Computing
838,Fania Pawlyn,18,fpawlynn9@cargocollective.com,6.0,Intermediate,Front end Development,Rajalakshmi,Data Science
839,Gabbey Chetwind,18,gchetwindna@skype.com,6.2,Beginner,AWS,Rajalakshmi,Data Science
840,Marquita McAne,19,mmcanenb@addthis.com,8.2,Beginner,Front end Development,SIET,Cloud Computing
841,Marlowe Ocklin,21,mocklinnc@prlog.org,6.6,Beginner,Deep Learning,Meenakshi,Cloud Computing
842,Car Meigh,20,cmeighnd@vkontakte.ru,9.7,Intermediate,Big Data Analytics,Meenakshi,Cloud Computing
843,Eugine Griffith,20,egriffithne@tumblr.com,7.5,Beginner,"",SRM,Data Science
844,Amitie Shubotham,18,ashubothamnf@ebay.com,5.5,Intermediate,SQL,SRM,Cloud Computing
845,Marya Ewestace,18,mewestaceng@ihg.com,7.0,Beginner,"",Meenakshi,Data Science
846,Irena Broadhurst,19,ibroadhurstnh@huffingtonpost.com,4.0,Advanced,Deep Learning,SRM,Web Development
847,Robyn Masdon,21,rmasdonni@seesaa.net,4.3,Beginner,"",Crescent,Data Science
848,Haleigh Dodge,21,hdodgenj@ehow.com,8.9,Intermediate,SQL,Rajalakshmi,Cloud Computing
849,Blinny Flucker,18,bfluckernk@mit.edu,8.6,Beginner,Big Data Analytics,Crescent,Data Science
850,Buck Blondel,19,bblondelnl@addtoany.com,4.7,Advanced,Backend Development,Crescent,Cloud Computing
851,Kalil Wallentin,19,kwallentinnm@wisc.edu,7.0,Beginner,Big Data Analytics,Meenakshi,Cloud Computing
852,Karole Mathy,19,kmathynn@mit.edu,6.1,Intermediate,Big Data Analytics,Rajalakshmi,Cloud Computing
853,Karl Bauckham,19,kbauckhamno@squarespace.com,6.9,Beginner,Backend Development,Rajalakshmi,Web Development
854,Alyce Kubasiewicz,20,akubasiewicznp@booking.com,6.1,Intermediate,"",Rajalakshmi,Data Science
855,Nathanial Adnet,19,nadnetnq@unblog.fr,8.1,Beginner,Machine Learning,SIET,Cloud Computing
856,Massimiliano Rioch,18,mriochnr@ed.gov,9.3,Beginner,AWS,Crescent,Data Science
857,Doro Bosnell,21,dbosnellns@berkeley.edu,5.1,Intermediate,Backend Development,SRM,Web Development
858,Mackenzie Sturge,19,msturgent@mac.com,9.4,Advanced,Machine Learning,Rajalakshmi,Data Science
859,Ritchie Hanlin,18,rhanlinnu@opensource.org,7.9,Intermediate,Big Data Analytics,SRM,Cloud Computing
860,Violet Adam,20,vadamnv@mysql.com,4.3,Beginner,AWS,SRM,Data Science
861,Mellie Prendergrast,19,mprendergrastnw@google.cn,7.4,Beginner,AWS,SIET,Data Science
862,Dmitri Stump,18,dstumpnx@yandex.ru,6.4,Beginner,Machine Learning,SIET,Data Science
863,Mirella Breheny,19,mbrehenyny@europa.eu,5.3,Advanced,"",Meenakshi,Web Development
864,Onida Linnell,19,olinnellnz@forbes.com,4.5,Beginner,Big Data Analytics,SIET,Web Development
865,Maggi Fenna,18,mfennao0@instagram.com,4.2,Beginner,Deep Learning,SIET,Data Science
866,Fidelity McCleod,20,fmccleodo1@newyorker.com,6.9,Beginner,Deep Learning,CIT,Cloud Computing
867,Ula Aspital,21,uaspitalo2@icio.us,8.6,Beginner,Machine Learning,CIT,Cloud Computing
868,Betti Crankshaw,19,bcrankshawo3@soundcloud.com,8.9,Advanced,Big Data Analytics,SIET,Web Development
869,Nannette Rome,20,nromeo4@npr.org,6.3,Intermediate,Front end Development,CIT,Data Science
870,Michel Rishworth,21,mrishwortho5@sogou.com,4.5,Intermediate,AWS,Rajalakshmi,Web Development
871,Hastings Ceschi,20,hceschio6@theatlantic.com,9.1,Intermediate,Machine Learning,Rajalakshmi,Data Science
872,Nataline Folini,20,nfolinio7@reuters.com,8.3,Intermediate,SQL,CIT,Data Science
873,Miles Metzing,20,mmetzingo8@moonfruit.com,8.5,Advanced,SQL,Rajalakshmi,Data Science
874,Isabel Stutely,19,istutelyo9@altervista.org,8.3,Beginner,Machine Learning,SIET,Web Development
875,Lynnea Chilver,18,lchilveroa@blogs.com,8.1,Intermediate,AWS,CIT,Data Science
876,Kakalina Bullivent,20,kbulliventob@de.vu,7.9,Intermediate,Deep Learning,SRM,Data Science
877,Evaleen Pagan,19,epaganoc@dmoz.org,7.3,Intermediate,SQL,SRM,Data Science
878,Ranna Tout,18,rtoutod@va.gov,9.2,Beginner,"",CIT,Web Development
879,Carolee Schimann,19,cschimannoe@wired.com,7.8,Beginner,SQL,SRM,Web Development
880,Janela Werendell,21,jwerendellof@canalblog.com,6.8,Beginner,AWS,Crescent,Data Science
881,Shell des Remedios,18,sdesog@people.com.cn,7.6,Intermediate,SQL,Rajalakshmi,Web Development
882,Hobie Dargie,18,hdargieoh@narod.ru,9.1,Beginner,Front end Development,SRM,Data Science
883,Teena Ellington,20,tellingtonoi@jimdo.com,5.0,Advanced,Backend Development,CIT,Data Science
884,Eda Lamey,21,elameyoj@marketwatch.com,9.3,Beginner,Machine Learning,Crescent,Cloud Computing
885,Yorgos Irvin,20,yirvinok@china.com.cn,8.2,Beginner,Machine Learning,CIT,Cloud Computing
886,Katuscha Greswell,20,kgreswellol@latimes.com,4.5,Beginner,Machine Learning,SRM,Data Science
887,Ches Vanyarkin,20,cvanyarkinom@marriott.com,4.8,Beginner,Front end Development,Crescent,Data Science
888,Leigh Loxly,21,lloxlyon@wiley.com,8.8,Beginner,Backend Development,CIT,Data Science
889,Lewes Tolomelli,19,ltolomellioo@apache.org,9.0,Beginner,AWS,Meenakshi,Cloud Computing
890,Monika Corington,20,mcoringtonop@bloglovin.com,8.9,Beginner,AWS,SRM,Cloud Computing
891,Milka Lello,21,mlellooq@mashable.com,7.5,Beginner,Front end Development,Rajalakshmi,Web Development
892,Shepperd Osbourne,21,sosbourneor@elpais.com,6.9,Beginner,Big Data Analytics,Rajalakshmi,Web Development
893,Camellia Bakster,20,cbaksteros@boston.com,4.1,Advanced,Big Data Analytics,Crescent,Web Development
894,Leone Schonfelder,21,lschonfelderot@opensource.org,9.6,Intermediate,Machine Learning,Rajalakshmi,Web Development
895,Mead Symones,18,msymonesou@paypal.com,7.7,Beginner,Deep Learning,Rajalakshmi,Web Development
896,Concettina Rafter,18,crafterov@bigcartel.com,9.6,Beginner,"",Meenakshi,Cloud Computing
897,Katharine Wetheril,19,kwetherilow@ucoz.ru,9.5,Advanced,SQL,SIET,Cloud Computing
898,Danika Embery,21,demberyox@dmoz.org,4.1,Beginner,Deep Learning,SRM,Cloud Computing
899,Jordanna Cordeau],20,jcordeauoy@devhub.com,4.6,Advanced,Machine Learning,Meenakshi,Data Science
900,Ericka Lusty,19,elustyoz@twitter.com,4.2,Advanced,Front end Development,Rajalakshmi,Web Development
901,Wilhelmine Bener,18,wbenerp0@technorati.com,7.4,Beginner,Machine Learning,Meenakshi,Web Development
902,Fremont Izon,21,fizonp1@qq.com,9.0,Beginner,Big Data Analytics,Crescent,Web Development
903,Brenna Vango,21,bvangop2@dell.com,6.1,Intermediate,Front end Development,SIET,Data Science
904,Noby Maddison,20,nmaddisonp3@skype.com,5.6,Intermediate,Big Data Analytics,SRM,Cloud Computing
905,Kinnie Aylin,21,kaylinp4@nationalgeographic.com,8.8,Beginner,Big Data Analytics,Rajalakshmi,Cloud Computing
906,Paloma Bastow,21,pbastowp5@free.fr,5.7,Beginner,Backend Development,Meenakshi,Cloud Computing
907,Muriel Southgate,19,msouthgatep6@parallels.com,5.0,Beginner,Backend Development,SRM,Cloud Computing
908,Issy Eisold,20,ieisoldp7@vkontakte.ru,4.5,Beginner,"",Rajalakshmi,Web Development
909,Arron Elliss,21,aellissp8@infoseek.co.jp,8.0,Advanced,SQL,SRM,Data Science
910,Kristian Stickins,21,kstickinsp9@hhs.gov,5.8,Beginner,Machine Learning,CIT,Web Development
911,Marylin Cadman,19,mcadmanpa@mtv.com,8.6,Intermediate,AWS,Meenakshi,Data Science
912,Herrick Zealy,19,hzealypb@auda.org.au,4.8,Beginner,Deep Learning,Rajalakshmi,Data Science
913,Caspar De la Harpe,19,cdepc@amazon.co.jp,6.6,Intermediate,Machine Learning,Crescent,Data Science
914,Obadiah Ryle,18,orylepd@ucoz.ru,5.4,Intermediate,Machine Learning,Meenakshi,Web Development
915,Bartholomeo Facer,20,bfacerpe@yahoo.com,4.3,Beginner,Big Data Analytics,CIT,Web Development
916,Efren Marcone,20,emarconepf@homestead.com,6.1,Beginner,"",Meenakshi,Cloud Computing
917,Louis Girton,18,lgirtonpg@hibu.com,6.6,Advanced,Front end Development,Meenakshi,Web Development
918,Barnebas Peevor,20,bpeevorph@cloudflare.com,7.3,Beginner,Backend Development,SRM,Web Development
919,Orlando Aymerich,19,oaymerichpi@wunderground.com,5.1,Beginner,AWS,SRM,Web Development
920,Teddie Pitrelli,21,tpitrellipj@ucsd.edu,7.9,Advanced,"",SIET,Web Development
921,Ali Lates,19,alatespk@photobucket.com,6.1,Advanced,Backend Development,SRM,Web Development
922,Biddy Tindle,20,btindlepl@huffingtonpost.com,9.6,Beginner,Machine Learning,SRM,Web Development
923,Bobette Trent,21,btrentpm@amazon.de,6.9,Beginner,SQL,SRM,Cloud Computing
924,Royce Orsay,21,rorsaypn@home.pl,5.3,Beginner,SQL,Meenakshi,Web Development
925,Kaitlin Christophersen,19,kchristophersenpo@cornell.edu,6.9,Beginner,Machine Learning,Rajalakshmi,Web Development
926,Bee Rontsch,19,brontschpp@webs.com,9.6,Beginner,Big Data Analytics,CIT,Cloud Computing
927,Nicolette Commucci,18,ncommuccipq@hatena.ne.jp,5.8,Beginner,Machine Learning,Crescent,Data Science
928,Carny Yanuk,18,cyanukpr@nsw.gov.au,6.6,Intermediate,Backend Development,CIT,Data Science
929,Marcella Kingcote,20,mkingcoteps@biglobe.ne.jp,6.8,Intermediate,Big Data Analytics,Rajalakshmi,Web Development
930,Colver Hatherleigh,21,chatherleighpt@psu.edu,7.9,Intermediate,"",SIET,Cloud Computing
931,Hubey Mate,19,hmatepu@twitpic.com,7.0,Beginner,SQL,Crescent,Web Development
932,Wileen Areles,20,warelespv@virginia.edu,5.6,Beginner,"",Crescent,Data Science
933,Annabelle Norway,19,anorwaypw@exblog.jp,6.5,Intermediate,AWS,SRM,Cloud Computing
934,Humberto Capelen,18,hcapelenpx@gravatar.com,4.3,Beginner,"",Rajalakshmi,Data Science
935,Sidney Deaves,21,sdeavespy@behance.net,8.7,Beginner,AWS,SIET,Cloud Computing
936,Nerte Justice,18,njusticepz@weather.com,7.1,Beginner,"",CIT,Data Science
937,Sheff Puden,21,spudenq0@biblegateway.com,8.0,Beginner,Front end Development,Crescent,Data Science
938,Jasun Vaisey,18,jvaiseyq1@fema.gov,5.9,Advanced,Deep Learning,Crescent,Data Science
939,Bordie Diver,21,bdiverq2@ucsd.edu,9.4,Beginner,AWS,Rajalakshmi,Web Development
940,Janek Sulman,20,jsulmanq3@bluehost.com,6.3,Beginner,Front end Development,Crescent,Web Development
941,Wiley Kidd,20,wkiddq4@123-reg.co.uk,9.2,Beginner,Machine Learning,Rajalakshmi,Web Development
942,Orelia Garrud,21,ogarrudq5@360.cn,8.0,Advanced,AWS,Rajalakshmi,Data Science
943,Babita Empleton,21,bempletonq6@wired.com,4.0,Advanced,SQL,Meenakshi,Web Development
944,Derby Redgrave,21,dredgraveq7@jalbum.net,7.7,Beginner,AWS,CIT,Cloud Computing
945,Callie Sweedland,20,csweedlandq8@wikispaces.com,5.7,Intermediate,AWS,Meenakshi,Cloud Computing
946,Rubi Letteresse,19,rletteresseq9@nhs.uk,6.3,Beginner,Deep Learning,CIT,Web Development
947,Cathy Crocroft,21,ccrocroftqa@gravatar.com,5.4,Intermediate,SQL,Crescent,Data Science
948,Francoise McKeag,20,fmckeagqb@google.com.au,8.8,Intermediate,AWS,Crescent,Data Science
949,Anselm Hendrickson,18,ahendricksonqc@issuu.com,9.2,Beginner,"",Crescent,Data Science
950,Mathew Geraldi,19,mgeraldiqd@ask.com,4.4,Beginner,Deep Learning,Meenakshi,Cloud Computing
951,Berna felip,18,bfelipqe@chron.com,6.2,Beginner,Machine Learning,SIET,Cloud Computing
952,Jeffy Stansbie,21,jstansbieqf@wufoo.com,7.7,Advanced,Deep Learning,Crescent,Cloud Computing
953,Bari Sleite,19,bsleiteqg@hatena.ne.jp,9.0,Advanced,Big Data Analytics,Crescent,Web Development
954,Cinda Oade,20,coadeqh@umich.edu,6.0,Beginner,Big Data Analytics,Rajalakshmi,Data Science
955,Joyann Ever,21,jeverqi@tinyurl.com,7.3,Intermediate,AWS,CIT,Cloud Computing
956,Park MacCosty,20,pmaccostyqj@nature.com,4.3,Advanced,SQL,SIET,Web Development
957,Mathilda Strudwick,18,mstrudwickqk@sourceforge.net,8.0,Beginner,Big Data Analytics,CIT,Cloud Computing
958,Felecia Dreelan,20,fdreelanql@pinterest.com,6.3,Intermediate,SQL,SIET,Web Development
959,Bethany Ludlamme,20,bludlammeqm@google.de,4.4,Beginner,"",Rajalakshmi,Web Development
960,Kitti O'Loghlen,21,kologhlenqn@nsw.gov.au,4.7,Beginner,Machine Learning,SRM,Cloud Computing
961,Livvyy Powell,20,lpowellqo@weebly.com,6.3,Beginner,Backend Development,Crescent,Data Science
962,Teddy Carayol,18,tcarayolqp@economist.com,7.3,Beginner,AWS,Crescent,Cloud Computing
963,Wolfie Jinda,20,wjindaqq@creativecommons.org,5.0,Beginner,Deep Learning,Crescent,Data Science
964,Vivianna Berry,21,vberryqr@techcrunch.com,5.8,Beginner,"",Meenakshi,Web Development
965,Jermaine Danilin,21,jdanilinqs@plala.or.jp,4.2,Beginner,Backend Development,Crescent,Web Development
966,Olav Concklin,18,oconcklinqt@springer.com,9.6,Beginner,SQL,Meenakshi,Cloud Computing
967,Quinlan Large,19,qlargequ@jalbum.net,6.7,Beginner,Backend Development,Meenakshi,Cloud Computing
968,Chicky Hardy,21,chardyqv@yellowbook.com,4.7,Beginner,Big Data Analytics,Rajalakshmi,Data Science
969,Reg Ferrarese,20,rferrareseqw@phoca.cz,4.1,Intermediate,AWS,Rajalakshmi,Data Science
970,Dulciana Gossling,21,dgosslingqx@dedecms.com,5.1,Intermediate,AWS,Meenakshi,Cloud Computing
971,Isador Marcoolyn,19,imarcoolynqy@gmpg.org,7.5,Beginner,Backend Development,SRM,Web Development
972,Henrie Vogele,21,hvogeleqz@people.com.cn,4.2,Intermediate,"",Crescent,Web Development
973,Rowen Gwyther,20,rgwytherr0@tripod.com,4.9,Beginner,Machine Learning,Crescent,Web Development
974,Lemmie Arnoult,19,larnoultr1@wikispaces.com,8.1,Advanced,"",SIET,Web Development
975,Reinaldo Rosenthaler,21,rrosenthalerr2@drupal.org,4.1,Beginner,AWS,SIET,Cloud Computing
976,Lotta Marder,20,lmarderr3@jugem.jp,9.8,Beginner,AWS,CIT,Data Science
977,Mia Adamides,19,madamidesr4@state.gov,8.6,Intermediate,Front end Development,SIET,Cloud Computing
978,Annalise Haydney,20,ahaydneyr5@state.tx.us,4.5,Beginner,AWS,Crescent,Data Science
979,Bertha Mayberry,19,bmayberryr6@cafepress.com,7.0,Advanced,Big Data Analytics,Meenakshi,Cloud Computing
980,Court Berryman,20,cberrymanr7@pagesperso-orange.fr,8.2,Beginner,SQL,SIET,Web Development
981,Sauncho Hamsson,18,shamssonr8@seesaa.net,5.9,Intermediate,AWS,Meenakshi,Cloud Computing
982,Merrilee Udie,19,mudier9@squarespace.com,6.8,Beginner,Machine Learning,Crescent,Data Science
983,Natty Abby,20,nabbyra@newsvine.com,5.3,Beginner,"",Crescent,Web Development
984,Thebault Sweatland,19,tsweatlandrb@mtv.com,9.4,Beginner,Deep Learning,Crescent,Data Science
985,Benjie Leving,20,blevingrc@mapy.cz,4.9,Intermediate,SQL,SIET,Data Science
986,Emlynn Tonbridge,18,etonbridgerd@pinterest.com,5.1,Beginner,Big Data Analytics,Meenakshi,Web Development
987,Nathanael Hastwall,19,nhastwallre@tiny.cc,4.9,Advanced,Backend Development,Crescent,Data Science
988,Guido Myrie,18,gmyrierf@51.la,6.4,Intermediate,"",Meenakshi,Cloud Computing
989,Bev Bedingfield,19,bbedingfieldrg@comcast.net,6.5,Beginner,Deep Learning,Meenakshi,Data Science
990,Annabal Twomey,19,atwomeyrh@army.mil,7.8,Beginner,Deep Learning,CIT,Web Development
991,April Ever,19,aeverri@mapquest.com,9.4,Beginner,"",SIET,Cloud Computing
992,Ebony Sergean,19,esergeanrj@toplist.cz,4.7,Beginner,AWS,Rajalakshmi,Data Science
993,Cammy Tooth,19,ctoothrk@stumbleupon.com,5.1,Intermediate,AWS,CIT,Data Science
994,Sander Carlsson,20,scarlssonrl@livejournal.com,8.2,Beginner,Big Data Analytics,SIET,Data Science
995,Olimpia Woodroffe,18,owoodrofferm@hibu.com,4.9,Beginner,SQL,Rajalakshmi,Web Development
996,Rodolph Moen,21,rmoenrn@networkadvertising.org,9.4,Intermediate,Machine Learning,CIT,Data Science
997,Blanca Bracci,18,bbracciro@ning.com,4.6,Intermediate,Big Data Analytics,Crescent,Data Science
998,Nertie Collingridge,18,ncollingridgerp@msu.edu,4.0,Beginner,Deep Learning,Rajalakshmi,Data Science
999,Odelia Srawley,18,osrawleyrq@berkeley.edu,5.5,Beginner,Big Data Analytics,SRM,Data Science
1000,Aurie Bridden,20,abriddenrr@tmall.com,8.6,Beginner,SQL,Crescent,Data Science
